golf_course_name,number_of_holes,country_name,state_name,city_name,latitude,longitude,hole_index_1,hole_index_2,hole_index_3,hole_index_4,hole_index_5,hole_index_6,hole_index_7,hole_index_8,hole_index_9,hole_index_10,hole_index_11,hole_index_12,hole_index_13,hole_index_14,hole_index_15,hole_index_16,hole_index_17,hole_index_18,par_value_1,par_value_2,par_value_3,par_value_4,par_value_5,par_value_6,par_value_7,par_value_8,par_value_9,par_value_10,par_value_11,par_value_12,par_value_13,par_value_14,par_value_15,par_value_16,par_value_17,par_value_18,tee_value1,tee_value2,tee_value3,tee_value4,tee_value5,tee_value6,tee_value7,tee_value8,tee_value9,tee_value10,tee_value11,tee_value12,tee_value13,tee_value14,tee_value15,tee_value16,tee_value17,tee_value18
Aamby Valley Golf Course,18,India,"Maharashtra","Lonavla",18.52043,73.856744,13,7,5,3,11,9,1,15,17,12,8,4,14,6,10,18,2,16,4,4,5,4,4,3,5,3,4,3,4,5,4,5,3,4,4,4,Black|Blue|White|Red|Yellow,Black|Blue|White|Red|Yellow,Black|Blue|White|Red|Yellow,Black|Blue|White|Red|Yellow,Black|Blue|White|Red|Yellow,Black|Blue|White|Red|Yellow,Black|Blue|White|Red|Yellow,Black|Blue|White|Red|Yellow,Black|Blue|White|Red|Yellow,Black|Blue|White|Red|Yellow,Black|Blue|White|Red|Yellow,Black|Blue|White|Red|Yellow,Black|Blue|White|Red|Yellow,Black|Blue|White|Red|Yellow,Black|Blue|White|Red|Yellow,Black|Blue|White|Red|Yellow,Black|Blue|White|Red|Yellow,Black|Blue|White|Red|Yellow
AEPTA Bareilly,18,India,"Uttar Pradesh",Bareilly,28.3938652,79.432412,7,9,17,15,13,5,11,3,1,4,6,12,10,16,18,8,14,2,4,5,4,4,4,4,3,5,4,3,5,4,4,3,4,5,3,4,White|Yellow|Blue|Red,White|Yellow|Blue|Red,White|Yellow|Blue|Red,White|Yellow|Blue|Red,White|Yellow|Blue|Red,White|Yellow|Blue|Red,White|Yellow|Blue|Red,White|Yellow|Blue|Red,White|Yellow|Blue|Red,White|Yellow|Blue|Red,White|Yellow|Blue|Red,White|Yellow|Blue|Red,White|Yellow|Blue|Red,White|Yellow|Blue|Red,White|Yellow|Blue|Red,White|Yellow|Blue|Red,White|Yellow|Blue|Red,White|Yellow|Blue|Red
"AEPTA, MHOW",18,Iindia,Madhya Pradesh,Mhow,28.3938652,79.432412,10,17,11,1,5,8,18,4,13,9,6,12,15,3,14,7,16,2,4,3,4,4,5,4,3,5,4,4,3,4,4,5,4,4,3,5,White|Yellow|Blue,White|Yellow|Blue,White|Yellow|Blue,White|Yellow|Blue,White|Yellow|Blue,White|Yellow|Blue,White|Yellow|Blue,White|Yellow|Blue,White|Yellow|Blue,White|Yellow|Blue,White|Yellow|Blue,White|Yellow|Blue,White|Yellow|Blue,White|Yellow|Blue,White|Yellow|Blue,White|Yellow|Blue,White|Yellow|Blue,White|Yellow|Blue
Agra Golf Club,18,India,"Uttar Pradesh",Agra,27.17667,78.008075,11,1,13,3,17,7,5,15,9,10,12,2,4,16,8,14,18,6,4,4,5,4,4,5,3,4,3,4,5,4,4,4,5,3,4,3,Blue|Yellow|Red,Blue|Yellow|Red,Blue|Yellow|Red,Blue|Yellow|Red,Blue|Yellow|Red,Blue|Yellow|Red,Blue|Yellow|Red,Blue|Yellow|Red,Blue|Yellow|Red,Blue|Yellow|Red,Blue|Yellow|Red,Blue|Yellow|Red,Blue|Yellow|Red,Blue|Yellow|Red,Blue|Yellow|Red,Blue|Yellow|Red,Blue|Yellow|Red,Blue|Yellow|Red
Airforce Golf Club,18,India,"Delhi",New Delhi,28.5894431,77.2074614,11,7,9,1,3,15,5,17,13,12,8,10,2,4,16,6,18,14,4,4,5,4,4,3,4,4,3,4,4,5,4,4,3,4,4,3,Red|White,Red|White,Red|White,Red|White,Red|White,Red|White,Red|White,Red|White,Red|White,Red|White,Red|White,Red|White,Red|White,Red|White,Red|White,Red|White,Red|White,Red|White
Aravalli Golf Course,18,India,"Haryana",Faridabad,28.3881242,77.2936695,3,1,5,15,11,17,7,9,13,4,2,6,16,10,18,8,12,14,4,5,5,3,4,3,4,4,4,4,5,5,3,4,3,4,4,4,Black,Black,Black,Black,Black,Black,Black,Black,Black,Black,Black,Black,Black,Black,Black,Black,Black,Black
Army AEPTA Vajra ,18,India,"Punjab",Jalandhar,31.326015,75.576183,9,11,3,17,1,5,15,13,7,18,4,2,12,14,6,16,8,10,4,3,5,3,4,5,4,4,4,3,4,4,3,4,5,3,4,5,Blue,Blue,Blue,Blue,Blue,Blue,Blue,Blue,Blue,Blue,Blue,Blue,Blue,Blue,Blue,Blue,Blue,Blue
Army Golf Club,18,India,"Delhi",New Delhi,28.601007,77.157776,13,7,11,17,5,3,9,1,15,2,10,8,18,6,4,16,12,14,4,4,4,3,5,4,4,5,3,4,4,5,3,5,4,3,4,4,Blue|Red|White|Green,Blue|Red|White|Green,Blue|Red|White|Green,Blue|Red|White|Green,Blue|Red|White|Green,Blue|Red|White|Green,Blue|Red|White|Green,Blue|Red|White|Green,Blue|Red|White|Green,Blue|Red|White|Green,Blue|Red|White|Green,Blue|Red|White|Green,Blue|Red|White|Green,Blue|Red|White|Green,Blue|Red|White|Green,Blue|Red|White|Green,Blue|Red|White|Green,Blue|Red|White|Green
ASC Golf Course Bangalore,18,India,Karnataka,Bangalore,12.955677,77.634282,7,5,1,11,13,3,9,15,17,2,4,10,14,12,6,8,18,16,4,4,4,4,3,5,4,3,4,5,4,4,3,4,4,4,3,5,White|Yellow|Blue|Red,White|Yellow|Blue|Red,White|Yellow|Blue|Red,White|Yellow|Blue|Red,White|Yellow|Blue|Red,White|Yellow|Blue|Red,White|Yellow|Blue|Red,White|Yellow|Blue|Red,White|Yellow|Blue|Red,White|Yellow|Blue|Red,White|Yellow|Blue|Red,White|Yellow|Blue|Red,White|Yellow|Blue|Red,White|Yellow|Blue|Red,White|Yellow|Blue|Red,White|Yellow|Blue|Red,White|Yellow|Blue|Red,White|Yellow|Blue|Red
AEPTA Allahabad,18,India,"Uttar Pradesh",Allahabad,12.955677,77.634282,11,1,7,3,5,9,13,15,17,14,6,12,16,2,4,8,18,10,4,5,4,4,5,3,4,4,3,4,5,4,4,4,5,4,3,3,White|Yellow|Blue|Red,White|Yellow|Blue|Red,White|Yellow|Blue|Red,White|Yellow|Blue|Red,White|Yellow|Blue|Red,White|Yellow|Blue|Red,White|Yellow|Blue|Red,White|Yellow|Blue|Red,White|Yellow|Blue|Red,White|Yellow|Blue|Red,White|Yellow|Blue|Red,White|Yellow|Blue|Red,White|Yellow|Blue|Red,White|Yellow|Blue|Red,White|Yellow|Blue|Red,White|Yellow|Blue|Red,White|Yellow|Blue|Red,White|Yellow|Blue|Red
Bangalore Golf Club,18,India,Karnataka,Bangalore,12.9900006,77.5841502,5,13,9,15,1,17,3,11,7,14,2,4,18,8,12,16,6,10,5,3,4,3,5,3,4,4,4,3,4,4,3,4,4,4,5,4,White|Yellow|Blue|Red,White|Yellow|Blue|Red,White|Yellow|Blue|Red,White|Yellow|Blue|Red,White|Yellow|Blue|Red,White|Yellow|Blue|Red,White|Yellow|Blue|Red,White|Yellow|Blue|Red,White|Yellow|Blue|Red,White|Yellow|Blue|Red,White|Yellow|Blue|Red,White|Yellow|Blue|Red,White|Yellow|Blue|Red,White|Yellow|Blue|Red,White|Yellow|Blue|Red,White|Yellow|Blue|Red,White|Yellow|Blue|Red,White|Yellow|Blue|Red
Beldih Golf Club,18,India ,Jharkhand,Jamshedpur,22.8103666,86.1783547,17,3,13,5,7,9,1,15,11,18,2,10,14,6,8,4,16,12,3,4,5,4,4,4,5,3,4,3,4,5,4,4,4,5,3,4,White|Yellow|Blue|Red,White|Yellow|Blue|Red,White|Yellow|Blue|Red,White|Yellow|Blue|Red,White|Yellow|Blue|Red,White|Yellow|Blue|Red,White|Yellow|Blue|Red,White|Yellow|Blue|Red,White|Yellow|Blue|Red,White|Yellow|Blue|Red,White|Yellow|Blue|Red,White|Yellow|Blue|Red,White|Yellow|Blue|Red,White|Yellow|Blue|Red,White|Yellow|Blue|Red,White|Yellow|Blue|Red,White|Yellow|Blue|Red,White|Yellow|Blue|Red
Belgaum Golf Course,18,India,"Karnataka",Belgaum,15.849695,74.497674,12,8,16,2,4,18,10,14,6,3,15,5,13,17,1,7,11,9,4,4,3,5,4,4,5,3,4,4,4,5,4,3,5,4,3,4,Blue,Blue,Blue,Blue,Blue,Blue,Blue,Blue,Blue,Blue,Blue,Blue,Blue,Blue,Blue,Blue,Blue,Blue
"BEPTA, Secunderabad",18,India,"Andhra Pradesh",Hyderabad,17.3769216,78.5087753,3,11,9,5,17,1,15,7,13,16,8,4,2,12,6,10,18,14,4,5,4,5,3,4,3,4,4,3,4,4,5,3,4,4,4,5,White|Yellow|Blue|Red,White|Yellow|Blue|Red,White|Yellow|Blue|Red,White|Yellow|Blue|Red,White|Yellow|Blue|Red,White|Yellow|Blue|Red,White|Yellow|Blue|Red,White|Yellow|Blue|Red,White|Yellow|Blue|Red,White|Yellow|Blue|Red,White|Yellow|Blue|Red,White|Yellow|Blue|Red,White|Yellow|Blue|Red,White|Yellow|Blue|Red,White|Yellow|Blue|Red,White|Yellow|Blue|Red,White|Yellow|Blue|Red,White|Yellow|Blue|Red
Bishnauth Golf Course,18,India,Assam,Tezpur,17.3769216,78.5087753,17,1,5,9,11,15,13,3,7,18,4,6,10,12,16,14,2,8,4,4,4,3,4,4,3,5,4,3,5,4,3,4,4,3,5,4,White|Yellow|Blue|Red,White|Yellow|Blue|Red,White|Yellow|Blue|Red,White|Yellow|Blue|Red,White|Yellow|Blue|Red,White|Yellow|Blue|Red,White|Yellow|Blue|Red,White|Yellow|Blue|Red,White|Yellow|Blue|Red,White|Yellow|Blue|Red,White|Yellow|Blue|Red,White|Yellow|Blue|Red,White|Yellow|Blue|Red,White|Yellow|Blue|Red,White|Yellow|Blue|Red,White|Yellow|Blue|Red,White|Yellow|Blue|Red,White|Yellow|Blue|Red
Bombay Presidency Golf Club,18,India,"Maharashtra",Mumbai,19.0462799,72.8979738,5,11,7,1,15,13,3,17,9,18,10,16,8,2,6,14,12,4,5,3,4,5,4,3,4,3,4,3,4,4,3,4,4,5,3,5,Gold|Blue|White|Red,Gold|Blue|White|Red,Gold|Blue|White|Red,Gold|Blue|White|Red,Gold|Blue|White|Red,Gold|Blue|White|Red,Gold|Blue|White|Red,Gold|Blue|White|Red,Gold|Blue|White|Red,Gold|Blue|White|Red,Gold|Blue|White|Red,Gold|Blue|White|Red,Gold|Blue|White|Red,Gold|Blue|White|Red,Gold|Blue|White|Red,Gold|Blue|White|Red,Gold|Blue|White|Red,Gold|Blue|White|Red
Boulder Hills Golf and Country Club,18,India,"Andhra Pradesh",Hyderabad,17.385044,78.486671,13,1,17,9,7,3,11,15,5,14,16,2,10,12,4,6,18,8,4,4,3,4,5,4,5,3,4,4,3,4,4,5,4,3,4,5,Black|Yellow|Blue|White|Red,Black|Yellow|Blue|White|Red,Black|Yellow|Blue|White|Red,Black|Yellow|Blue|White|Red,Black|Yellow|Blue|White|Red,Black|Yellow|Blue|White|Red,Black|Yellow|Blue|White|Red,Black|Yellow|Blue|White|Red,Black|Yellow|Blue|White|Red,Black|Yellow|Blue|White|Red,Black|Yellow|Blue|White|Red,Black|Yellow|Blue|White|Red,Black|Yellow|Blue|White|Red,Black|Yellow|Blue|White|Red,Black|Yellow|Blue|White|Red,Black|Yellow|Blue|White|Red,Black|Yellow|Blue|White|Red,Black|Yellow|Blue|White|Red
BSF Lion Golf Club,18,India,Gujrat,Chiloda,19.0462799,72.8979738,1,11,5,17,7,3,15,13,9,2,12,4,18,8,14,6,16,10,5,4,5,3,4,4,4,3,4,5,4,5,3,4,4,4,3,4,White|Yellow|Blue|Red,White|Yellow|Blue|Red,White|Yellow|Blue|Red,White|Yellow|Blue|Red,White|Yellow|Blue|Red,White|Yellow|Blue|Red,White|Yellow|Blue|Red,White|Yellow|Blue|Red,White|Yellow|Blue|Red,White|Yellow|Blue|Red,White|Yellow|Blue|Red,White|Yellow|Blue|Red,White|Yellow|Blue|Red,White|Yellow|Blue|Red,White|Yellow|Blue|Red,White|Yellow|Blue|Red,White|Yellow|Blue|Red,White|Yellow|Blue|Red
"Champion Reef Golf County, Kolar",18,India,"Karnataka",Bangalore,12.971599,77.594563,17,9,15,3,13,1,11,5,7,6,18,8,10,14,4,16,2,12,4,5,4,4,3,5,3,4,4,4,5,4,4,3,5,3,4,4,Gold|Black|Blue|White|Red,Gold|Black|Blue|White|Red,Gold|Black|Blue|White|Red,Gold|Black|Blue|White|Red,Gold|Black|Blue|White|Red,Gold|Black|Blue|White|Red,Gold|Black|Blue|White|Red,Gold|Black|Blue|White|Red,Gold|Black|Blue|White|Red,Gold|Black|Blue|White|Red,Gold|Black|Blue|White|Red,Gold|Black|Blue|White|Red,Gold|Black|Blue|White|Red,Gold|Black|Blue|White|Red,Gold|Black|Blue|White|Red,Gold|Black|Blue|White|Red,Gold|Black|Blue|White|Red,Gold|Black|Blue|White|Red
Chandigarh Golf Course,18,India,"Chandigarh",Chandigarh,30.734966,76.816256,11,9,15,3,7,13,1,17,5,8,16,4,6,18,2,10,12,14,4,5,3,4,4,4,5,3,4,4,3,4,5,3,4,5,4,4,Black|Blue|Red,Black|Blue|Red,Black|Blue|Red,Black|Blue|Red,Black|Blue|Red,Black|Blue|Red,Black|Blue|Red,Black|Blue|Red,Black|Blue|Red,Black|Blue|Red,Black|Blue|Red,Black|Blue|Red,Black|Blue|Red,Black|Blue|Red,Black|Blue|Red,Black|Blue|Red,Black|Blue|Red,Black|Blue|Red
Chikmagalur Golf Club,18,India,Karnataka,Chikmagalur,13.363546,75.7701302,10,4,8,2,14,7,16,13,11,9,18,15,5,1,3,17,12,6,4,3,4,3,4,3,4,4,4,4,4,3,5,4,4,4,3,4,White|Yellow|Blue|Red,White|Yellow|Blue|Red,White|Yellow|Blue|Red,White|Yellow|Blue|Red,White|Yellow|Blue|Red,White|Yellow|Blue|Red,White|Yellow|Blue|Red,White|Yellow|Blue|Red,White|Yellow|Blue|Red,White|Yellow|Blue|Red,White|Yellow|Blue|Red,White|Yellow|Blue|Red,White|Yellow|Blue|Red,White|Yellow|Blue|Red,White|Yellow|Blue|Red,White|Yellow|Blue|Red,White|Yellow|Blue|Red,White|Yellow|Blue|Red
Clover Greens Golf,18,India,"Karnataka",Bangalore,12.971599,77.594563,17,1,7,9,13,5,3,11,15,12,6,4,2,14,18,16,8,10,4,4,5,3,4,4,5,4,3,4,3,5,4,3,4,4,4,3,Blue|White|red,Blue|White|red,Blue|White|red,Blue|White|red,Blue|White|red,Blue|White|red,Blue|White|red,Blue|White|red,Blue|White|red,Blue|White|red,Blue|White|red,Blue|White|red,Blue|White|red,Blue|White|red,Blue|White|red,Blue|White|red,Blue|White|red,Blue|White|red
Cockrel golf cousre,18,India,Jharkhand,Jamshedpur,13.363546,75.7701302,11,9,17,3,5,7,14,15,1,4,12,16,6,10,18,13,2,8,4,4,3,4,4,4,4,3,4,4,5,3,5,5,3,4,4,4,White|Yellow|Blue|Red,White|Yellow|Blue|Red,White|Yellow|Blue|Red,White|Yellow|Blue|Red,White|Yellow|Blue|Red,White|Yellow|Blue|Red,White|Yellow|Blue|Red,White|Yellow|Blue|Red,White|Yellow|Blue|Red,White|Yellow|Blue|Red,White|Yellow|Blue|Red,White|Yellow|Blue|Red,White|Yellow|Blue|Red,White|Yellow|Blue|Red,White|Yellow|Blue|Red,White|Yellow|Blue|Red,White|Yellow|Blue|Red,White|Yellow|Blue|Red
Coimbatore golf club,18,India,Tamil Naidu,Coimbatore,10.9117599,77.0197426,13,15,9,17,3,5,11,1,7,6,4,12,2,14,18,16,10,8,4,4,4,4,4,4,4,4,4,4,4,4,4,4,4,4,4,4,White|Yellow|Blue|Red,White|Yellow|Blue|Red,White|Yellow|Blue|Red,White|Yellow|Blue|Red,White|Yellow|Blue|Red,White|Yellow|Blue|Red,White|Yellow|Blue|Red,White|Yellow|Blue|Red,White|Yellow|Blue|Red,White|Yellow|Blue|Red,White|Yellow|Blue|Red,White|Yellow|Blue|Red,White|Yellow|Blue|Red,White|Yellow|Blue|Red,White|Yellow|Blue|Red,White|Yellow|Blue|Red,White|Yellow|Blue|Red,White|Yellow|Blue|Red
Coorg Golf Links,18,India,Karnataka,Coorg,12.337494,75.806908,9,11,1,13,5,3,15,17,7,2,18,6,14,10,12,16,4,8,4,3,4,3,4,5,4,4,4,4,3,4,3,5,3,4,5,4,Blue|Red,Blue|Red,Blue|Red,Blue|Red,Blue|Red,Blue|Red,Blue|Red,Blue|Red,Blue|Red,Blue|Red,Blue|Red,Blue|Red,Blue|Red,Blue|Red,Blue|Red,Blue|Red,Blue|Red,Blue|Red
Cosmo TNGF Golf,18,India,Tamil Naidu,Chennai,13.0216782,80.2342226,9,15,3,17,1,11,7,5,13,8,12,16,18,6,4,14,10,2,4,5,4,3,4,5,5,3,4,4,4,4,3,4,4,5,3,4,White|Yellow|Blue|Red,White|Yellow|Blue|Red,White|Yellow|Blue|Red,White|Yellow|Blue|Red,White|Yellow|Blue|Red,White|Yellow|Blue|Red,White|Yellow|Blue|Red,White|Yellow|Blue|Red,White|Yellow|Blue|Red,White|Yellow|Blue|Red,White|Yellow|Blue|Red,White|Yellow|Blue|Red,White|Yellow|Blue|Red,White|Yellow|Blue|Red,White|Yellow|Blue|Red,White|Yellow|Blue|Red,White|Yellow|Blue|Red,White|Yellow|Blue|Red
CTEP Bathinda,18,India,"Punjab",Bhatinda,30.2087701,74.9586868,9,13,1,17,5,7,15,11,3,6,10,8,16,12,4,2,18,14,5,3,4,4,4,5,3,4,4,4,5,4,3,5,4,4,3,4,White|Yellow|Blue|Red,White|Yellow|Blue|Red,White|Yellow|Blue|Red,White|Yellow|Blue|Red,White|Yellow|Blue|Red,White|Yellow|Blue|Red,White|Yellow|Blue|Red,White|Yellow|Blue|Red,White|Yellow|Blue|Red,White|Yellow|Blue|Red,White|Yellow|Blue|Red,White|Yellow|Blue|Red,White|Yellow|Blue|Red,White|Yellow|Blue|Red,White|Yellow|Blue|Red,White|Yellow|Blue|Red,White|Yellow|Blue|Red,White|Yellow|Blue|Red
Delhi Golf Club,18,India,"Delhi",New Delhi,28.598445,77.235646,7,13,9,1,17,5,15,11,3,4,10,14,2,6,16,8,18,12,5,4,4,4,3,4,3,5,4,4,4,3,4,5,4,4,3,5,Black|Blue|Red|Yellow|White,Black|Blue|Red|Yellow|White,Black|Blue|Red|Yellow|White,Black|Blue|Red|Yellow|White,Black|Blue|Red|Yellow|White,Black|Blue|Red|Yellow|White,Black|Blue|Red|Yellow|White,Black|Blue|Red|Yellow|White,Black|Blue|Red|Yellow|White,Black|Blue|Red|Yellow|White,Black|Blue|Red|Yellow|White,Black|Blue|Red|Yellow|White,Black|Blue|Red|Yellow|White,Black|Blue|Red|Yellow|White,Black|Blue|Red|Yellow|White,Black|Blue|Red|Yellow|White,Black|Blue|Red|Yellow|White,Black|Blue|Red|Yellow|White
Digboi Golf Club,18,India,Assam,Digboi,27.3905924,95.6189919,1,15,17,13,5,3,7,11,9,6,10,12,4,18,8,16,2,14,4,3,4,3,4,4,5,4,5,3,5,4,4,4,5,3,4,4,Blue|Red,Blue|Red,Blue|Red,Blue|Red,Blue|Red,Blue|Red,Blue|Red,Blue|Red,Blue|Red,Blue|Red,Blue|Red,Blue|Red,Blue|Red,Blue|Red,Blue|Red,Blue|Red,Blue|Red,Blue|Red
DLF Golf and Country Club,18,India,"Haryana",Gurgaon,28.454284,77.1058,11,3,15,5,1,13,7,17,9,10,4,18,12,6,8,2,14,16,4,4,3,4,4,5,4,3,5,4,4,3,5,3,4,4,5,4,Black|Blue|Red|Yellow|White,Black|Blue|Red|Yellow|White,Black|Blue|Red|Yellow|White,Black|Blue|Red|Yellow|White,Black|Blue|Red|Yellow|White,Black|Blue|Red|Yellow|White,Black|Blue|Red|Yellow|White,Black|Blue|Red|Yellow|White,Black|Blue|Red|Yellow|White,Black|Blue|Red|Yellow|White,Black|Blue|Red|Yellow|White,Black|Blue|Red|Yellow|White,Black|Blue|Red|Yellow|White,Black|Blue|Red|Yellow|White,Black|Blue|Red|Yellow|White,Black|Blue|Red|Yellow|White,Black|Blue|Red|Yellow|White,Black|Blue|Red|Yellow|White
Eagle Env. Park & Trg. Area,18,India,"Andhra Pradesh",Secundrabad,17.537079,78.5713622,15,11,1,5,9,17,7,13,3,10,8,18,4,6,16,14,2,12,4,3,4,4,4,3,5,5,4,4,5,3,4,4,4,3,4,5,White|Yellow|Blue|Red,White|Yellow|Blue|Red,White|Yellow|Blue|Red,White|Yellow|Blue|Red,White|Yellow|Blue|Red,White|Yellow|Blue|Red,White|Yellow|Blue|Red,White|Yellow|Blue|Red,White|Yellow|Blue|Red,White|Yellow|Blue|Red,White|Yellow|Blue|Red,White|Yellow|Blue|Red,White|Yellow|Blue|Red,White|Yellow|Blue|Red,White|Yellow|Blue|Red,White|Yellow|Blue|Red,White|Yellow|Blue|Red,White|Yellow|Blue|Red
Eagleton Golf Resort,18,India,"Karnataka",Bangalore,12.971599,77.594563,9,7,15,5,13,1,3,11,17,2,8,12,4,14,16,6,10,18,5,4,3,4,3,5,4,4,4,4,4,3,5,4,4,5,3,4,Black|Blue|White|Red,Black|Blue|White|Red,Black|Blue|White|Red,Black|Blue|White|Red,Black|Blue|White|Red,Black|Blue|White|Red,Black|Blue|White|Red,Black|Blue|White|Red,Black|Blue|White|Red,Black|Blue|White|Red,Black|Blue|White|Red,Black|Blue|White|Red,Black|Blue|White|Red,Black|Blue|White|Red,Black|Blue|White|Red,Black|Blue|White|Red,Black|Blue|White|Red,Black|Blue|White|Red
East Point Golf Club,18,India,"Andhra Pradesh",Visakhapatnam,17.7636233,83.3011371,5,1,17,3,7,13,15,11,9,2,14,6,10,8,16,4,18,12,5,3,5,3,4,4,4,4,4,3,4,4,5,3,3,4,4,4,White|Yellow|Blue|Red,White|Yellow|Blue|Red,White|Yellow|Blue|Red,White|Yellow|Blue|Red,White|Yellow|Blue|Red,White|Yellow|Blue|Red,White|Yellow|Blue|Red,White|Yellow|Blue|Red,White|Yellow|Blue|Red,White|Yellow|Blue|Red,White|Yellow|Blue|Red,White|Yellow|Blue|Red,White|Yellow|Blue|Red,White|Yellow|Blue|Red,White|Yellow|Blue|Red,White|Yellow|Blue|Red,White|Yellow|Blue|Red,White|Yellow|Blue|Red
Garrison Training Area,18,India,Assam,Tezpur,26.676073,92.7956091,13,3,9,11,17,7,1,15,5,12,6,16,10,2,14,18,4,8,4,4,5,4,3,4,4,3,5,3,5,4,4,5,4,3,4,4,White|Yellow|Blue|Red,White|Yellow|Blue|Red,White|Yellow|Blue|Red,White|Yellow|Blue|Red,White|Yellow|Blue|Red,White|Yellow|Blue|Red,White|Yellow|Blue|Red,White|Yellow|Blue|Red,White|Yellow|Blue|Red,White|Yellow|Blue|Red,White|Yellow|Blue|Red,White|Yellow|Blue|Red,White|Yellow|Blue|Red,White|Yellow|Blue|Red,White|Yellow|Blue|Red,White|Yellow|Blue|Red,White|Yellow|Blue|Red,White|Yellow|Blue|Red
Golden Greens Golf Club,18,India,"Haryana",Gurgaon,28.351803,77.003186,15,3,11,17,7,9,1,13,5,14,8,18,2,12,6,16,4,10,4,4,4,3,5,4,4,3,5,4,5,3,4,4,4,3,4,5,Blue|Red|White|Gold,Blue|Red|White|Gold,Blue|Red|White|Gold,Blue|Red|White|Gold,Blue|Red|White|Gold,Blue|Red|White|Gold,Blue|Red|White|Gold,Blue|Red|White|Gold,Blue|Red|White|Gold,Blue|Red|White|Gold,Blue|Red|White|Gold,Blue|Red|White|Gold,Blue|Red|White|Gold,Blue|Red|White|Gold,Blue|Red|White|Gold,Blue|Red|White|Gold,Blue|Red|White|Gold,Blue|Red|White|Gold
Hindon Air Force Golf Club,18,India,"Uttar Pradesh",Ghaziabad,28.696773,77.375994,7,1,15,5,17,3,9,13,11,12,6,2,8,16,18,4,10,14,4,5,4,4,3,5,4,3,4,4,5,4,4,4,3,4,4,4,Black|Blue|Red,Black|Blue|Red,Black|Blue|Red,Black|Blue|Red,Black|Blue|Red,Black|Blue|Red,Black|Blue|Red,Black|Blue|Red,Black|Blue|Red,Black|Blue|Red,Black|Blue|Red,Black|Blue|Red,Black|Blue|Red,Black|Blue|Red,Black|Blue|Red,Black|Blue|Red,Black|Blue|Red,Black|Blue|Red
Hyderabad Golf Association (HGA),18,India,"Andhra Pradesh",Hyderabad,17.385044,78.486671,5,13,17,3,11,9,15,7,1,6,16,12,2,14,18,8,4,10,4,4,3,4,3,5,3,5,4,5,3,4,4,4,4,3,5,4,Black|White|Red,Black|White|Red,Black|White|Red,Black|White|Red,Black|White|Red,Black|White|Red,Black|White|Red,Black|White|Red,Black|White|Red,Black|White|Red,Black|White|Red,Black|White|Red,Black|White|Red,Black|White|Red,Black|White|Red,Black|White|Red,Black|White|Red,Black|White|Red
ITC Classic Golf Resort,18,India,"Haryana",Manesar,28.314248,76.975708,13,15,3,7,17,11,5,1,9,6,14,16,4,12,8,2,18,10,4,3,5,4,3,4,4,4,5,4,3,4,4,5,4,4,3,5,Black|Blue|Red|White|Gold,Black|Blue|Red|White|Gold,Black|Blue|Red|White|Gold,Black|Blue|Red|White|Gold,Black|Blue|Red|White|Gold,Black|Blue|Red|White|Gold,Black|Blue|Red|White|Gold,Black|Blue|Red|White|Gold,Black|Blue|Red|White|Gold,Black|Blue|Red|White|Gold,Black|Blue|Red|White|Gold,Black|Blue|Red|White|Gold,Black|Blue|Red|White|Gold,Black|Blue|Red|White|Gold,Black|Blue|Red|White|Gold,Black|Blue|Red|White|Gold,Black|Blue|Red|White|Gold,Black|Blue|Red|White|Gold
ITC Classic Golf Resort - Canyon,18,India,"Haryana",Manesar,28.314248,76.975708,13,15,3,7,17,11,5,1,9,18,2,16,14,10,6,12,4,8,4,3,5,4,3,4,4,4,5,3,5,3,4,4,4,4,5,4,Black|Blue|Red|White|Gold,Black|Blue|Red|White|Gold,Black|Blue|Red|White|Gold,Black|Blue|Red|White|Gold,Black|Blue|Red|White|Gold,Black|Blue|Red|White|Gold,Black|Blue|Red|White|Gold,Black|Blue|Red|White|Gold,Black|Blue|Red|White|Gold,Black|Blue|Red|White|Gold,Black|Blue|Red|White|Gold,Black|Blue|Red|White|Gold,Black|Blue|Red|White|Gold,Black|Blue|Red|White|Gold,Black|Blue|Red|White|Gold,Black|Blue|Red|White|Gold,Black|Blue|Red|White|Gold,Black|Blue|Red|White|Gold
Jayachamaraja Wodeyar Golf Course,18,India,"Karnataka",Mysore,12.29581,76.639381,5,17,11,7,1,15,9,13,3,14,10,18,12,2,16,6,4,8,4,3,4,4,4,3,4,3,5,4,4,3,4,5,3,4,4,5,Blue|Yellow|Red,Blue|Yellow|Red,Blue|Yellow|Red,Blue|Yellow|Red,Blue|Yellow|Red,Blue|Yellow|Red,Blue|Yellow|Red,Blue|Yellow|Red,Blue|Yellow|Red,Blue|Yellow|Red,Blue|Yellow|Red,Blue|Yellow|Red,Blue|Yellow|Red,Blue|Yellow|Red,Blue|Yellow|Red,Blue|Yellow|Red,Blue|Yellow|Red,Blue|Yellow|Red
Jaypee Greens Golf Resort,18,India,"Uttar Pradesh",Greater Noida,28.524055,77.357566,17,3,9,5,13,11,1,15,7,12,8,14,6,16,2,18,4,10,4,4,5,4,3,5,4,3,4,4,5,3,5,4,4,3,4,4,Black|Blue|Red|White|Gold,Black|Blue|Red|White|Gold,Black|Blue|Red|White|Gold,Black|Blue|Red|White|Gold,Black|Blue|Red|White|Gold,Black|Blue|Red|White|Gold,Black|Blue|Red|White|Gold,Black|Blue|Red|White|Gold,Black|Blue|Red|White|Gold,Black|Blue|Red|White|Gold,Black|Blue|Red|White|Gold,Black|Blue|Red|White|Gold,Black|Blue|Red|White|Gold,Black|Blue|Red|White|Gold,Black|Blue|Red|White|Gold,Black|Blue|Red|White|Gold,Black|Blue|Red|White|Gold,Black|Blue|Red|White|Gold
Kalhar Blues & green,18,India,Gujrat,Ahmedabad,23.0171037,72.3621906,7,17,5,9,15,1,11,13,3,6,18,16,10,12,2,8,14,4,4,3,4,4,5,4,3,5,4,4,3,5,4,5,4,3,4,4,Black|Blue|White|Red,Black|Blue|White|Red,Black|Blue|White|Red,Black|Blue|White|Red,Black|Blue|White|Red,Black|Blue|White|Red,Black|Blue|White|Red,Black|Blue|White|Red,Black|Blue|White|Red,Black|Blue|White|Red,Black|Blue|White|Red,Black|Blue|White|Red,Black|Blue|White|Red,Black|Blue|White|Red,Black|Blue|White|Red,Black|Blue|White|Red,Black|Blue|White|Red,Black|Blue|White|Red
Karma Lakelands,18,India,"Haryana",Manesar,28.364569,76.957105,3,17,11,15,5,7,1,13,9,4,18,12,16,6,8,2,14,10,4,3,3,5,4,3,4,3,4,4,3,3,5,4,3,4,3,4,Blue|Red,Blue|Red,Blue|Red,Blue|Red,Blue|Red,Blue|Red,Blue|Red,Blue|Red,Blue|Red,Blue|Red,Blue|Red,Blue|Red,Blue|Red,Blue|Red,Blue|Red,Blue|Red,Blue|Red,Blue|Red
Karnataka Golf Association,18,India,"Karnataka",Bangalore,12.971599,77.594563,17,11,7,13,9,3,1,15,5,8,10,14,16,4,18,2,12,6,4,4,4,3,5,4,4,3,5,4,5,4,3,5,3,4,4,4,Black|White|Green|Yellow|Red,Black|White|Green|Yellow|Red,Black|White|Green|Yellow|Red,Black|White|Green|Yellow|Red,Black|White|Green|Yellow|Red,Black|White|Green|Yellow|Red,Black|White|Green|Yellow|Red,Black|White|Green|Yellow|Red,Black|White|Green|Yellow|Red,Black|White|Green|Yellow|Red,Black|White|Green|Yellow|Red,Black|White|Green|Yellow|Red,Black|White|Green|Yellow|Red,Black|White|Green|Yellow|Red,Black|White|Green|Yellow|Red,Black|White|Green|Yellow|Red,Black|White|Green|Yellow|Red,Black|White|Green|Yellow|Red
Kensville,18,India ,Gujrat,Ahmedabad,23.0340027,72.5013189,3,11,5,9,17,13,1,15,7,6,16,8,10,14,18,12,2,4,4,4,4,4,3,5,4,3,5,4,3,4,4,5,4,3,5,4,White|Yellow|Blue|Red,White|Yellow|Blue|Red,White|Yellow|Blue|Red,White|Yellow|Blue|Red,White|Yellow|Blue|Red,White|Yellow|Blue|Red,White|Yellow|Blue|Red,White|Yellow|Blue|Red,White|Yellow|Blue|Red,White|Yellow|Blue|Red,White|Yellow|Blue|Red,White|Yellow|Blue|Red,White|Yellow|Blue|Red,White|Yellow|Blue|Red,White|Yellow|Blue|Red,White|Yellow|Blue|Red,White|Yellow|Blue|Red,White|Yellow|Blue|Red
KEPTA,18,India,"Haryana",Ambala,30.372128,76.7774268,13,11,15,3,1,5,7,17,9,18,2,14,4,6,12,10,16,8,4,3,4,3,4,4,4,4,4,3,4,5,5,4,4,5,3,5,White|Yellow|Blue|Red,White|Yellow|Blue|Red,White|Yellow|Blue|Red,White|Yellow|Blue|Red,White|Yellow|Blue|Red,White|Yellow|Blue|Red,White|Yellow|Blue|Red,White|Yellow|Blue|Red,White|Yellow|Blue|Red,White|Yellow|Blue|Red,White|Yellow|Blue|Red,White|Yellow|Blue|Red,White|Yellow|Blue|Red,White|Yellow|Blue|Red,White|Yellow|Blue|Red,White|Yellow|Blue|Red,White|Yellow|Blue|Red,White|Yellow|Blue|Red
Lalit Intercontinental,18,India,Goa,Goa,14.990991,74.040148,7,17,9,11,15,3,5,1,13,8,18,10,12,16,4,6,2,14,3,4,4,4,3,4,5,5,4,3,4,4,4,3,4,5,5,4,White|Yellow|Blue|Red,White|Yellow|Blue|Red,White|Yellow|Blue|Red,White|Yellow|Blue|Red,White|Yellow|Blue|Red,White|Yellow|Blue|Red,White|Yellow|Blue|Red,White|Yellow|Blue|Red,White|Yellow|Blue|Red,White|Yellow|Blue|Red,White|Yellow|Blue|Red,White|Yellow|Blue|Red,White|Yellow|Blue|Red,White|Yellow|Blue|Red,White|Yellow|Blue|Red,White|Yellow|Blue|Red,White|Yellow|Blue|Red,White|Yellow|Blue|Red
Leh,18,India,Jammu Kashmir,Leh,34.1662616,77.5667382,12,4,14,8,6,18,2,16,10,3,15,1,9,13,5,11,7,17,4,4,5,4,3,4,3,4,5,4,3,5,4,4,4,4,4,4,White|Yellow|Blue|Red,White|Yellow|Blue|Red,White|Yellow|Blue|Red,White|Yellow|Blue|Red,White|Yellow|Blue|Red,White|Yellow|Blue|Red,White|Yellow|Blue|Red,White|Yellow|Blue|Red,White|Yellow|Blue|Red,White|Yellow|Blue|Red,White|Yellow|Blue|Red,White|Yellow|Blue|Red,White|Yellow|Blue|Red,White|Yellow|Blue|Red,White|Yellow|Blue|Red,White|Yellow|Blue|Red,White|Yellow|Blue|Red,White|Yellow|Blue|Red
Lucknow Golf Club (LGC),18,India,"Uttar Pradesh",Lucknow,26.83934,80.957748,7,5,3,15,11,17,1,13,9,8,6,4,16,12,18,2,14,10,4,4,5,3,4,3,5,3,4,4,4,5,3,4,3,5,3,4,Blue,Blue,Blue,Blue,Blue,Blue,Blue,Blue,Blue,Blue,Blue,Blue,Blue,Blue,Blue,Blue,Blue,Blue
Madras Gymkhana,18,India,Tamil Naidu,Chennai,13.07207,80.2772,7,13,3,11,1,5,17,15,9,14,6,18,4,16,2,12,10,8,4,3,5,3,4,3,5,4,4,4,3,5,4,4,4,4,3,4,Blue|Yellow|Red|White,Blue|Yellow|Red|White,Blue|Yellow|Red|White,Blue|Yellow|Red|White,Blue|Yellow|Red|White,Blue|Yellow|Red|White,Blue|Yellow|Red|White,Blue|Yellow|Red|White,Blue|Yellow|Red|White,Blue|Yellow|Red|White,Blue|Yellow|Red|White,Blue|Yellow|Red|White,Blue|Yellow|Red|White,Blue|Yellow|Red|White,Blue|Yellow|Red|White,Blue|Yellow|Red|White,Blue|Yellow|Red|White,Blue|Yellow|Red|White
Manesar Golf Course,18,India,"Haryana",Manesar,28.368897,76.920371,4,8,12,6,14,10,16,2,18,7,9,13,5,15,11,1,3,17,4,4,3,4,4,3,5,4,4,5,4,3,4,4,3,4,4,4,Blue,Blue,Blue,Blue,Blue,Blue,Blue,Blue,Blue,Blue,Blue,Blue,Blue,Blue,Blue,Blue,Blue,Blue
Margherita golf club,18,India,Assam,Tinsukia,27.2919867,95.672797,8,1,16,4,14,6,18,10,12,7,2,15,3,13,5,17,9,11,4,5,3,5,4,4,3,4,4,4,5,3,5,4,4,3,4,4,White|Yellow|Blue|Red,White|Yellow|Blue|Red,White|Yellow|Blue|Red,White|Yellow|Blue|Red,White|Yellow|Blue|Red,White|Yellow|Blue|Red,White|Yellow|Blue|Red,White|Yellow|Blue|Red,White|Yellow|Blue|Red,White|Yellow|Blue|Red,White|Yellow|Blue|Red,White|Yellow|Blue|Red,White|Yellow|Blue|Red,White|Yellow|Blue|Red,White|Yellow|Blue|Red,White|Yellow|Blue|Red,White|Yellow|Blue|Red,White|Yellow|Blue|Red
Naval Golf Course,18,India,Goa,Vasco da Gama,15.3800101,73.8397009,9,13,17,1,3,7,15,5,11,8,14,16,10,4,18,12,6,2,4,3,4,4,5,4,3,4,4,4,3,4,4,5,3,4,4,4,White|Yellow|Blue|Red,White|Yellow|Blue|Red,White|Yellow|Blue|Red,White|Yellow|Blue|Red,White|Yellow|Blue|Red,White|Yellow|Blue|Red,White|Yellow|Blue|Red,White|Yellow|Blue|Red,White|Yellow|Blue|Red,White|Yellow|Blue|Red,White|Yellow|Blue|Red,White|Yellow|Blue|Red,White|Yellow|Blue|Red,White|Yellow|Blue|Red,White|Yellow|Blue|Red,White|Yellow|Blue|Red,White|Yellow|Blue|Red,White|Yellow|Blue|Red
Noida Golf Course,18,India,"Uttar Pradesh",Noida,28.5623631,77.3453639,9,13,15,3,17,1,7,11,5,18,4,10,2,8,14,16,6,12,5,4,3,4,3,4,4,5,4,3,4,4,4,5,4,3,5,4,Blue|White,Blue|White,Blue|White,Blue|White,Blue|White,Blue|White,Blue|White,Blue|White,Blue|White,Blue|White,Blue|White,Blue|White,Blue|White,Blue|White,Blue|White,Blue|White,Blue|White,Blue|White
Oxford Golf and Country Club,18,India,"Maharashtra",Pune,18.52043,73.856744,13,11,15,1,9,5,3,17,7,2,4,12,10,18,8,14,16,6,4,4,3,5,4,4,4,3,5,4,5,4,4,3,4,5,3,4,Black|Blue|White|Red,Black|Blue|White|Red,Black|Blue|White|Red,Black|Blue|White|Red,Black|Blue|White|Red,Black|Blue|White|Red,Black|Blue|White|Red,Black|Blue|White|Red,Black|Blue|White|Red,Black|Blue|White|Red,Black|Blue|White|Red,Black|Blue|White|Red,Black|Blue|White|Red,Black|Blue|White|Red,Black|Blue|White|Red,Black|Blue|White|Red,Black|Blue|White|Red,Black|Blue|White|Red
Panchkula Golf Course,18,India,"Haryana",Panchkula,30.690523,76.872817,13,17,9,15,3,11,1,7,5,10,16,6,18,8,2,12,14,4,4,3,4,3,5,4,5,4,4,4,4,5,3,4,5,4,3,4,Blue|Red|White,Blue|Red|White,Blue|Red|White,Blue|Red|White,Blue|Red|White,Blue|Red|White,Blue|Red|White,Blue|Red|White,Blue|Red|White,Blue|Red|White,Blue|Red|White,Blue|Red|White,Blue|Red|White,Blue|Red|White,Blue|Red|White,Blue|Red|White,Blue|Red|White,Blue|Red|White
Panther Enviornmental Park,18,India,"Punjab",Amritsar,31.633979,74.872264,3,9,1,11,15,13,5,17,7,6,14,16,2,10,12,4,18,8,4,5,4,3,5,4,4,3,4,5,3,4,4,4,4,5,3,4,Blue|Red,Blue|Red,Blue|Red,Blue|Red,Blue|Red,Blue|Red,Blue|Red,Blue|Red,Blue|Red,Blue|Red,Blue|Red,Blue|Red,Blue|Red,Blue|Red,Blue|Red,Blue|Red,Blue|Red,Blue|Red
Poona Golf Club,18,India,"Maharashtra",Pune,18.52043,73.856744,3,15,5,17,13,11,1,9,7,14,12,2,18,8,6,16,4,10,4,3,4,3,4,4,5,4,4,4,4,5,3,4,4,3,4,5,Black|Blue|White|Red,Black|Blue|White|Red,Black|Blue|White|Red,Black|Blue|White|Red,Black|Blue|White|Red,Black|Blue|White|Red,Black|Blue|White|Red,Black|Blue|White|Red,Black|Blue|White|Red,Black|Blue|White|Red,Black|Blue|White|Red,Black|Blue|White|Red,Black|Blue|White|Red,Black|Blue|White|Red,Black|Blue|White|Red,Black|Blue|White|Red,Black|Blue|White|Red,Black|Blue|White|Red
Prestige Golfshire,18,India,"Karnataka",Bangalore,12.971599,77.594563,3,17,1,5,9,15,11,13,7,10,18,8,2,6,14,4,12,16,4,3,5,4,5,3,4,4,4,4,4,4,5,4,3,5,3,4,Black|Blue|Silver|Red,Black|Blue|Silver|Red,Black|Blue|Silver|Red,Black|Blue|Silver|Red,Black|Blue|Silver|Red,Black|Blue|Silver|Red,Black|Blue|Silver|Red,Black|Blue|Silver|Red,Black|Blue|Silver|Red,Black|Blue|Silver|Red,Black|Blue|Silver|Red,Black|Blue|Silver|Red,Black|Blue|Silver|Red,Black|Blue|Silver|Red,Black|Blue|Silver|Red,Black|Blue|Silver|Red,Black|Blue|Silver|Red,Black|Blue|Silver|Red
Qutab Golf Course,18,India,"Delhi",New Delhi,28.527602,77.198118,3,11,7,17,5,13,9,1,15,18,6,8,16,14,10,2,4,12,4,3,4,4,4,3,4,5,4,3,4,5,3,3,4,5,4,4,Blue|Red,Blue|Red,Blue|Red,Blue|Red,Blue|Red,Blue|Red,Blue|Red,Blue|Red,Blue|Red,Blue|Red,Blue|Red,Blue|Red,Blue|Red,Blue|Red,Blue|Red,Blue|Red,Blue|Red,Blue|Red
Rambagh Golf Course,18,India,"Rajasthan",Jaipur,26.899398,75.802623,10,12,4,16,14,18,8,6,2,13,11,7,15,1,9,17,3,5,4,3,4,3,4,3,4,5,5,4,3,4,3,5,4,3,5,4,Blue|Red|White,Blue|Red|White,Blue|Red|White,Blue|Red|White,Blue|Red|White,Blue|Red|White,Blue|Red|White,Blue|Red|White,Blue|Red|White,Blue|Red|White,Blue|Red|White,Blue|Red|White,Blue|Red|White,Blue|Red|White,Blue|Red|White,Blue|Red|White,Blue|Red|White,Blue|Red|White
Royal Calcutta Golf Club,18,India,"West Bengal",Kolkata,22.572646,88.363895,11,17,3,13,9,5,1,15,7,2,8,14,16,4,12,18,10,6,4,3,4,5,4,4,4,4,4,4,4,4,3,4,5,4,4,4,Blue|White|Yellow|Red,Blue|White|Yellow|Red,Blue|White|Yellow|Red,Blue|White|Yellow|Red,Blue|White|Yellow|Red,Blue|White|Yellow|Red,Blue|White|Yellow|Red,Blue|White|Yellow|Red,Blue|White|Yellow|Red,Blue|White|Yellow|Red,Blue|White|Yellow|Red,Blue|White|Yellow|Red,Blue|White|Yellow|Red,Blue|White|Yellow|Red,Blue|White|Yellow|Red,Blue|White|Yellow|Red,Blue|White|Yellow|Red,Blue|White|Yellow|Red
Tarudhan Valley Golf Club,18,India,"Haryana",Manesar,30.3164945,78.0321918,3,7,1,13,15,17,11,5,9,4,8,2,14,16,18,12,6,10,4,4,5,3,3,3,4,3,5,4,4,5,3,3,3,4,3,5,Black|Red|Green,Black|Red|Green,Black|Red|Green,Black|Red|Green,Black|Red|Green,Black|Red|Green,Black|Red|Green,Black|Red|Green,Black|Red|Green,Black|Red|Green,Black|Red|Green,Black|Red|Green,Black|Red|Green,Black|Red|Green,Black|Red|Green,Black|Red|Green,Black|Red|Green,Black|Red|Green
TERI Golf Course,18,India,"Haryana",Gurgaon,28.428109,77.147797,7,11,9,17,15,13,3,5,1,8,12,10,18,16,14,4,6,2,4,3,4,3,3,3,5,4,4,4,3,4,3,3,3,5,4,4,Blue|Red,Blue|Red,Blue|Red,Blue|Red,Blue|Red,Blue|Red,Blue|Red,Blue|Red,Blue|Red,Blue|Red,Blue|Red,Blue|Red,Blue|Red,Blue|Red,Blue|Red,Blue|Red,Blue|Red,Blue|Red
Tollygunj Golf Club,18,India,"West Bengal",Kolkata,22.572646,88.363895,7,17,3,11,1,13,9,15,5,14,16,10,4,12,6,2,8,18,4,3,4,4,4,3,5,3,4,5,3,4,5,4,4,4,4,3,Blue|White|Yellow|Red,Blue|White|Yellow|Red,Blue|White|Yellow|Red,Blue|White|Yellow|Red,Blue|White|Yellow|Red,Blue|White|Yellow|Red,Blue|White|Yellow|Red,Blue|White|Yellow|Red,Blue|White|Yellow|Red,Blue|White|Yellow|Red,Blue|White|Yellow|Red,Blue|White|Yellow|Red,Blue|White|Yellow|Red,Blue|White|Yellow|Red,Blue|White|Yellow|Red,Blue|White|Yellow|Red,Blue|White|Yellow|Red,Blue|White|Yellow|Red
Unitech Golf and Country Club,18,India,"Uttar Pradesh",Noida,28.539695,77.349836,13,5,1,15,17,7,11,3,9,14,6,2,16,18,8,12,4,10,4,4,4,4,3,5,3,4,4,4,4,4,4,3,5,3,4,4,Black|Blue|Red|Yellow,Black|Blue|Red|Yellow,Black|Blue|Red|Yellow,Black|Blue|Red|Yellow,Black|Blue|Red|Yellow,Black|Blue|Red|Yellow,Black|Blue|Red|Yellow,Black|Blue|Red|Yellow,Black|Blue|Red|Yellow,Black|Blue|Red|Yellow,Black|Blue|Red|Yellow,Black|Blue|Red|Yellow,Black|Blue|Red|Yellow,Black|Blue|Red|Yellow,Black|Blue|Red|Yellow,Black|Blue|Red|Yellow,Black|Blue|Red|Yellow,Black|Blue|Red|Yellow
United Services Club,18,India,"Maharashtra",Mumbai,18.8994803,72.8064956,13,9,15,1,5,3,7,17,11,16,8,6,18,12,4,2,14,10,5,3,3,4,4,4,5,4,5,3,3,5,4,4,4,4,3,4,Blue|White|red,Blue|White|red,Blue|White|red,Blue|White|red,Blue|White|red,Blue|White|red,Blue|White|red,Blue|White|red,Blue|White|red,Blue|White|red,Blue|White|red,Blue|White|red,Blue|White|red,Blue|White|red,Blue|White|red,Blue|White|red,Blue|White|red,Blue|White|red
Gulmarg Golf club,18,India,Jammu Kashmir,Gulmarg,34.0550308,74.3915517,13,17,7,1,5,11,3,9,15,8,10,4,12,2,18,14,16,6,4,3,4,5,4,3,4,5,3,4,4,5,3,4,3,5,4,5,Black|Blue|Yellow|Red,Black|Blue|Yellow|Red,Black|Blue|Yellow|Red,Black|Blue|Yellow|Red,Black|Blue|Yellow|Red,Black|Blue|Yellow|Red,Black|Blue|Yellow|Red,Black|Blue|Yellow|Red,Black|Blue|Yellow|Red,Black|Blue|Yellow|Red,Black|Blue|Yellow|Red,Black|Blue|Yellow|Red,Black|Blue|Yellow|Red,Black|Blue|Yellow|Red,Black|Blue|Yellow|Red,Black|Blue|Yellow|Red,Black|Blue|Yellow|Red,Black|Blue|Yellow|Red
Pahalgam Golf Club,18,India,Jammu Kashmir,Pahalgam,34.0257894,75.3164374,15,3,13,11,1,9,17,5,7,12,10,6,18,4,16,2,14,8,4,4,3,4,5,4,3,4,5,4,4,5,3,5,3,4,3,4,Gold|Black|Blue|White|Green,Gold|Black|Blue|White|Green,Gold|Black|Blue|White|Green,Gold|Black|Blue|White|Green,Gold|Black|Blue|White|Green,Gold|Black|Blue|White|Green,Gold|Black|Blue|White|Green,Gold|Black|Blue|White|Green,Gold|Black|Blue|White|Green,Gold|Black|Blue|White|Green,Gold|Black|Blue|White|Green,Gold|Black|Blue|White|Green,Gold|Black|Blue|White|Green,Gold|Black|Blue|White|Green,Gold|Black|Blue|White|Green,Gold|Black|Blue|White|Green,Gold|Black|Blue|White|Green,Gold|Black|Blue|White|Green
Royal Springs Golf Course,18,India,Jammu Kashmir,Srinagar,34.088026,74.8726426,3,17,15,1,9,11,5,13,7,4,6,10,8,2,14,18,16,12,5,3,4,4,3,4,5,4,4,5,4,3,4,5,4,3,4,4,Gold|Blue|White|Red,Gold|Blue|White|Red,Gold|Blue|White|Red,Gold|Blue|White|Red,Gold|Blue|White|Red,Gold|Blue|White|Red,Gold|Blue|White|Red,Gold|Blue|White|Red,Gold|Blue|White|Red,Gold|Blue|White|Red,Gold|Blue|White|Red,Gold|Blue|White|Red,Gold|Blue|White|Red,Gold|Blue|White|Red,Gold|Blue|White|Red,Gold|Blue|White|Red,Gold|Blue|White|Red,Gold|Blue|White|Red
Army SEPTA Shivalik,18,India,"Haryana",Chandimandir,30.730355,76.8923049,11,9,1,5,7,13,15,3,17,2,8,4,16,12,10,18,6,14,4,4,4,4,5,4,3,5,3,5,4,5,4,3,4,3,4,4,Champ|Gents|Seniors|Ladies,Champ|Gents|Seniors|Ladies,Champ|Gents|Seniors|Ladies,Champ|Gents|Seniors|Ladies,Champ|Gents|Seniors|Ladies,Champ|Gents|Seniors|Ladies,Champ|Gents|Seniors|Ladies,Champ|Gents|Seniors|Ladies,Champ|Gents|Seniors|Ladies,Champ|Gents|Seniors|Ladies,Champ|Gents|Seniors|Ladies,Champ|Gents|Seniors|Ladies,Champ|Gents|Seniors|Ladies,Champ|Gents|Seniors|Ladies,Champ|Gents|Seniors|Ladies,Champ|Gents|Seniors|Ladies,Champ|Gents|Seniors|Ladies,Champ|Gents|Seniors|Ladies
Jack Frost National Golf Club,18,United States,"Pennsylvania",Blakeslee,41.524217,-84.730233,11,5,17,7,15,3,9,13,1,8,18,2,10,6,14,16,12,4,4,4,5,3,4,4,4,3,5,4,3,5,4,4,4,3,4,5,Black|Blue|White|Red,Black|Blue|White|Red,Black|Blue|White|Red,Black|Blue|White|Red,Black|Blue|White|Red,Black|Blue|White|Red,Black|Blue|White|Red,Black|Blue|White|Red,Black|Blue|White|Red,Black|Blue|White|Red,Black|Blue|White|Red,Black|Blue|White|Red,Black|Blue|White|Red,Black|Blue|White|Red,Black|Blue|White|Red,Black|Blue|White|Red,Black|Blue|White|Red,Black|Blue|White|Red
Windsor Golf Hotel and Country Club,18,Kenya,Nirobi,Nirobi,1.209972,36.851588,10,4,16,6,8,14,2,18,12,13,1,15,17,5,9,3,11,7,4,4,5,3,5,4,4,3,4,4,4,5,3,4,5,4,3,4,White|Green|Red|Yellow,White|Green|Red|Yellow,White|Green|Red|Yellow,White|Green|Red|Yellow,White|Green|Red|Yellow,White|Green|Red|Yellow,White|Green|Red|Yellow,White|Green|Red|Yellow,White|Green|Red|Yellow,White|Green|Red|Yellow,White|Green|Red|Yellow,White|Green|Red|Yellow,White|Green|Red|Yellow,White|Green|Red|Yellow,White|Green|Red|Yellow,White|Green|Red|Yellow,White|Green|Red|Yellow,White|Green|Red|Yellow
Segona Golf Club,18,Kenya,Nirobi,Nirobi,1.222072,36.6605186,9,11,15,13,7,5,1,3,17,12,18,2,4,10,16,6,14,8,4,4,3,5,3,4,4,4,5,5,3,4,4,3,5,4,4,4,White|Yellow|Red,White|Yellow|Red,White|Yellow|Red,White|Yellow|Red,White|Yellow|Red,White|Yellow|Red,White|Yellow|Red,White|Yellow|Red,White|Yellow|Red,White|Yellow|Red,White|Yellow|Red,White|Yellow|Red,White|Yellow|Red,White|Yellow|Red,White|Yellow|Red,White|Yellow|Red,White|Yellow|Red,White|Yellow|Red
Karen Country Club,18,Kenya,Nirobi,Nirobi,1.345346,36.716709,17,15,11,7,9,1,13,5,3,14,8,16,2,18,12,6,4,10,4,5,5,4,3,4,3,4,4,4,4,4,4,3,5,3,4,5,White|Yellow|Red|Green,White|Yellow|Red|Green,White|Yellow|Red|Green,White|Yellow|Red|Green,White|Yellow|Red|Green,White|Yellow|Red|Green,White|Yellow|Red|Green,White|Yellow|Red|Green,White|Yellow|Red|Green,White|Yellow|Red|Green,White|Yellow|Red|Green,White|Yellow|Red|Green,White|Yellow|Red|Green,White|Yellow|Red|Green,White|Yellow|Red|Green,White|Yellow|Red|Green,White|Yellow|Red|Green,White|Yellow|Red|Green
Muthaiga Golf Club,18,Kenya,Nirobi,Nirobi,1.25397,36.847319,3,5,15,17,13,7,9,1,11,8,6,4,12,2,10,14,18,16,4,3,4,5,3,4,5,4,4,5,3,4,3,4,4,3,4,5,Blue|White|Yellow|Red,Blue|White|Yellow|Red,Blue|White|Yellow|Red,Blue|White|Yellow|Red,Blue|White|Yellow|Red,Blue|White|Yellow|Red,Blue|White|Yellow|Red,Blue|White|Yellow|Red,Blue|White|Yellow|Red,Blue|White|Yellow|Red,Blue|White|Yellow|Red,Blue|White|Yellow|Red,Blue|White|Yellow|Red,Blue|White|Yellow|Red,Blue|White|Yellow|Red,Blue|White|Yellow|Red,Blue|White|Yellow|Red,Blue|White|Yellow|Red
Royal Nairobi Golf Club,18,Kenya,Nirobi,Nirobi,1.305356,36.795551,4,18,16,6,12,10,14,8,2,7,3,5,17,13,11,9,15,1,4,5,4,4,4,3,5,3,4,4,4,4,3,5,5,4,3,4,White|Red,White|Red,White|Red,White|Red,White|Red,White|Red,White|Red,White|Red,White|Red,White|Red,White|Red,White|Red,White|Red,White|Red,White|Red,White|Red,White|Red,White|Red
Adisorn Golf Course,18,Thailand,Saraburi,Saraburi,14.519648,100.928854,10,13,1,16,8,18,7,3,11,14,17,6,4,12,2,15,5,9,4,4,5,3,4,3,4,5,4,4,3,4,5,4,5,3,4,4,Blue|White|Red,Blue|White|Red,Blue|White|Red,Blue|White|Red,Blue|White|Red,Blue|White|Red,Blue|White|Red,Blue|White|Red,Blue|White|Red,Blue|White|Red,Blue|White|Red,Blue|White|Red,Blue|White|Red,Blue|White|Red,Blue|White|Red,Blue|White|Red,Blue|White|Red,Blue|White|Red
Alpine Golf & Sports Club,18,Thailand,Klong Luang,Pathum Thani,14.1091895,100.7120059,17,3,13,15,5,7,9,1,11,2,6,14,16,8,12,18,4,10,4,4,3,4,5,3,5,4,4,4,4,3,4,5,3,4,5,4,Black|Blue|White|Red,Black|Blue|White|Red,Black|Blue|White|Red,Black|Blue|White|Red,Black|Blue|White|Red,Black|Blue|White|Red,Black|Blue|White|Red,Black|Blue|White|Red,Black|Blue|White|Red,Black|Blue|White|Red,Black|Blue|White|Red,Black|Blue|White|Red,Black|Blue|White|Red,Black|Blue|White|Red,Black|Blue|White|Red,Black|Blue|White|Red,Black|Blue|White|Red,Black|Blue|White|Red
Alpine Golf Resort - Chiang Mai,18,Thailand,Huay-yab,Lamphun,18.7442253,98.916838,15,5,13,11,7,9,3,17,1,18,2,16,14,4,10,12,6,8,4,4,3,5,4,4,5,3,4,4,4,3,4,5,3,4,4,5,Black|Blue|White|Red,Black|Blue|White|Red,Black|Blue|White|Red,Black|Blue|White|Red,Black|Blue|White|Red,Black|Blue|White|Red,Black|Blue|White|Red,Black|Blue|White|Red,Black|Blue|White|Red,Black|Blue|White|Red,Black|Blue|White|Red,Black|Blue|White|Red,Black|Blue|White|Red,Black|Blue|White|Red,Black|Blue|White|Red,Black|Blue|White|Red,Black|Blue|White|Red,Black|Blue|White|Red
Amata Spring Country Club,18,Thailand,Nongmaidaeng,Chonburi,13.41836,101.014058,17,9,3,1,15,13,7,11,5,14,18,10,16,2,8,6,12,4,4,5,4,4,3,4,5,3,4,4,5,4,3,4,5,4,3,4,Black|Blue|White|Red,Black|Blue|White|Red,Black|Blue|White|Red,Black|Blue|White|Red,Black|Blue|White|Red,Black|Blue|White|Red,Black|Blue|White|Red,Black|Blue|White|Red,Black|Blue|White|Red,Black|Blue|White|Red,Black|Blue|White|Red,Black|Blue|White|Red,Black|Blue|White|Red,Black|Blue|White|Red,Black|Blue|White|Red,Black|Blue|White|Red,Black|Blue|White|Red,Black|Blue|White|Red
Artitaya Country Club,18,Thailand,Ongkarak,Nakhon Nayok,14.170355,100.922835,1,3,17,13,11,9,15,7,5,14,4,10,18,16,12,8,6,2,4,4,3,5,4,3,4,5,4,4,4,5,3,4,4,3,5,4,Black|White|Yellow|Red|Green,Black|White|Yellow|Red|Green,Black|White|Yellow|Red|Green,Black|White|Yellow|Red|Green,Black|White|Yellow|Red|Green,Black|White|Yellow|Red|Green,Black|White|Yellow|Red|Green,Black|White|Yellow|Red|Green,Black|White|Yellow|Red|Green,Black|White|Yellow|Red|Green,Black|White|Yellow|Red|Green,Black|White|Yellow|Red|Green,Black|White|Yellow|Red|Green,Black|White|Yellow|Red|Green,Black|White|Yellow|Red|Green,Black|White|Yellow|Red|Green,Black|White|Yellow|Red|Green,Black|White|Yellow|Red|Green
Ayodhya Links Golf Club,18,Thailand,Wangnoi,Ayutthaya,14.2271821,100.6666395,18,12,10,8,14,6,16,4,2,13,17,3,15,5,7,11,9,1,4,4,5,3,4,4,3,5,4,4,4,3,5,4,4,3,5,4,Black|Blue|White|Yellow|Red,Black|Blue|White|Yellow|Red,Black|Blue|White|Yellow|Red,Black|Blue|White|Yellow|Red,Black|Blue|White|Yellow|Red,Black|Blue|White|Yellow|Red,Black|Blue|White|Yellow|Red,Black|Blue|White|Yellow|Red,Black|Blue|White|Yellow|Red,Black|Blue|White|Yellow|Red,Black|Blue|White|Yellow|Red,Black|Blue|White|Yellow|Red,Black|Blue|White|Yellow|Red,Black|Blue|White|Yellow|Red,Black|Blue|White|Yellow|Red,Black|Blue|White|Yellow|Red,Black|Blue|White|Yellow|Red,Black|Blue|White|Yellow|Red
Ayutthaya Golf Club,18,Thailand,Ayutthaya,Ayutthaya,14.3055556,100.5807567,10,8,18,2,14,4,16,6,12,7,17,13,1,5,11,15,3,9,4,5,3,4,4,4,3,4,5,4,3,5,4,4,4,3,4,5,Yellow|Blue|White|Red,Yellow|Blue|White|Red,Yellow|Blue|White|Red,Yellow|Blue|White|Red,Yellow|Blue|White|Red,Yellow|Blue|White|Red,Yellow|Blue|White|Red,Yellow|Blue|White|Red,Yellow|Blue|White|Red,Yellow|Blue|White|Red,Yellow|Blue|White|Red,Yellow|Blue|White|Red,Yellow|Blue|White|Red,Yellow|Blue|White|Red,Yellow|Blue|White|Red,Yellow|Blue|White|Red,Yellow|Blue|White|Red,Yellow|Blue|White|Red
Bangpakong Riverside Country Club,18,Thailand,CHACHOENGSAO,Saenpudart,13.5679712,101.0308987,14,12,4,18,8,10,16,6,2,9,7,3,17,5,11,15,13,1,4,4,5,3,4,4,3,4,5,4,4,5,3,4,4,3,4,5,Blue|White|Yellow|Red,Blue|White|Yellow|Red,Blue|White|Yellow|Red,Blue|White|Yellow|Red,Blue|White|Yellow|Red,Blue|White|Yellow|Red,Blue|White|Yellow|Red,Blue|White|Yellow|Red,Blue|White|Yellow|Red,Blue|White|Yellow|Red,Blue|White|Yellow|Red,Blue|White|Yellow|Red,Blue|White|Yellow|Red,Blue|White|Yellow|Red,Blue|White|Yellow|Red,Blue|White|Yellow|Red,Blue|White|Yellow|Red,Blue|White|Yellow|Red
Bangpoo Golf & Sport Club,18,Thailand,Samut Prakan,Samut Prakan,13.538225,100.669742,14,11,5,16,2,12,3,17,7,15,8,4,6,13,9,18,1,10,4,4,5,3,4,4,5,3,4,4,3,4,5,4,4,3,4,5,Blue|Yellow|White|Red,Blue|Yellow|White|Red,Blue|Yellow|White|Red,Blue|Yellow|White|Red,Blue|Yellow|White|Red,Blue|Yellow|White|Red,Blue|Yellow|White|Red,Blue|Yellow|White|Red,Blue|Yellow|White|Red,Blue|Yellow|White|Red,Blue|Yellow|White|Red,Blue|Yellow|White|Red,Blue|Yellow|White|Red,Blue|Yellow|White|Red,Blue|Yellow|White|Red,Blue|Yellow|White|Red,Blue|Yellow|White|Red,Blue|Yellow|White|Red
Bangpra International Golf Club,18,Thailand,Chonburi,Sri Racha,13.229079,100.966845,3,15,11,5,9,1,7,13,17,18,2,16,10,6,14,4,12,8,4,3,4,4,5,4,5,3,4,4,5,3,4,4,5,4,3,4,Black|Blue|White|Red,Black|Blue|White|Red,Black|Blue|White|Red,Black|Blue|White|Red,Black|Blue|White|Red,Black|Blue|White|Red,Black|Blue|White|Red,Black|Blue|White|Red,Black|Blue|White|Red,Black|Blue|White|Red,Black|Blue|White|Red,Black|Blue|White|Red,Black|Blue|White|Red,Black|Blue|White|Red,Black|Blue|White|Red,Black|Blue|White|Red,Black|Blue|White|Red,Black|Blue|White|Red
Banyan,18,Thailand,Hua Hin,PR,12.499694,99.946566,5,17,11,13,15,3,1,9,7,2,8,14,12,16,18,6,10,4,4,3,5,3,4,4,4,5,4,4,5,5,4,4,3,4,3,4,Black|Blue|White|Red,Black|Blue|White|Red,Black|Blue|White|Red,Black|Blue|White|Red,Black|Blue|White|Red,Black|Blue|White|Red,Black|Blue|White|Red,Black|Blue|White|Red,Black|Blue|White|Red,Black|Blue|White|Red,Black|Blue|White|Red,Black|Blue|White|Red,Black|Blue|White|Red,Black|Blue|White|Red,Black|Blue|White|Red,Black|Blue|White|Red,Black|Blue|White|Red,Black|Blue|White|Red
Black Mountain Golf Club,18,Thailand,Hua Hin,Prachuap Khiri Khan,12.6138718,99.8919439,7,13,17,11,3,15,1,9,5,10,18,4,16,6,2,12,14,8,4,5,3,4,4,5,4,3,4,4,3,4,5,3,4,4,4,5,Black|Gold|Blue|White|Red,Black|Gold|Blue|White|Red,Black|Gold|Blue|White|Red,Black|Gold|Blue|White|Red,Black|Gold|Blue|White|Red,Black|Gold|Blue|White|Red,Black|Gold|Blue|White|Red,Black|Gold|Blue|White|Red,Black|Gold|Blue|White|Red,Black|Gold|Blue|White|Red,Black|Gold|Blue|White|Red,Black|Gold|Blue|White|Red,Black|Gold|Blue|White|Red,Black|Gold|Blue|White|Red,Black|Gold|Blue|White|Red,Black|Gold|Blue|White|Red,Black|Gold|Blue|White|Red,Black|Gold|Blue|White|Red
Bangkok Golf Resort and Spa,18,Thailand ,Bangkadi ,Pathum Thani ,13.8192285,100.623608,12,14,18,2,6,4,16,10,8,13,9,15,1,11,17,5,7,3,4,3,5,4,3,4,4,4,5,4,3,4,5,3,4,4,5,4,Black,Black,Black,Black,Black,Black,Black,Black,Black,Black,Black,Black,Black,Black,Black,Black,Black,Black
Bangkok Golf Resort and Spa Championship,18,Thailand ,Bangkadi ,Pathum Thani ,13.8192285,100.623608,13,9,17,3,15,11,5,1,7,12,16,10,2,14,8,18,6,4,4,3,4,5,3,4,4,5,4,4,3,5,4,3,4,4,4,5,Gold|Blue|White|Red,Gold|Blue|White|Red,Gold|Blue|White|Red,Gold|Blue|White|Red,Gold|Blue|White|Red,Gold|Blue|White|Red,Gold|Blue|White|Red,Gold|Blue|White|Red,Gold|Blue|White|Red,Gold|Blue|White|Red,Gold|Blue|White|Red,Gold|Blue|White|Red,Gold|Blue|White|Red,Gold|Blue|White|Red,Gold|Blue|White|Red,Gold|Blue|White|Red,Gold|Blue|White|Red,Gold|Blue|White|Red
Bangphra Golf Club,18,Thailand ,Chonburi ,Chonburi ,13.224384,100.968225,3,15,11,5,9,1,7,13,17,18,2,16,10,6,14,4,12,8,4,3,4,4,5,4,5,3,4,4,5,3,4,4,5,4,3,4,White|Yellow|Blue|Red,White|Yellow|Blue|Red,White|Yellow|Blue|Red,White|Yellow|Blue|Red,White|Yellow|Blue|Red,White|Yellow|Blue|Red,White|Yellow|Blue|Red,White|Yellow|Blue|Red,White|Yellow|Blue|Red,White|Yellow|Blue|Red,White|Yellow|Blue|Red,White|Yellow|Blue|Red,White|Yellow|Blue|Red,White|Yellow|Blue|Red,White|Yellow|Blue|Red,White|Yellow|Blue|Red,White|Yellow|Blue|Red,White|Yellow|Blue|Red
Bangsai Country Club,18,Thailand ,Bangplee Bangsai ,Ayutthaya ,14.2093335,100.4699169,3,15,7,1,5,11,13,17,9,14,4,18,10,2,12,8,16,6,4,4,5,4,4,3,4,3,5,5,4,3,4,5,4,3,4,4,Blue|White|Red,Blue|White|Red,Blue|White|Red,Blue|White|Red,Blue|White|Red,Blue|White|Red,Blue|White|Red,Blue|White|Red,Blue|White|Red,Blue|White|Red,Blue|White|Red,Blue|White|Red,Blue|White|Red,Blue|White|Red,Blue|White|Red,Blue|White|Red,Blue|White|Red,Blue|White|Red
Best Ocean Golf,18,Thailand ,Khokkham ,Samut Sakhon ,13.5433232,100.3270196,17,9,2,13,1,8,18,4,6,10,5,14,16,3,11,15,12,7,5,4,5,3,4,4,4,3,4,4,4,3,5,4,3,4,4,5,White|Yellow|Blue|Red,White|Yellow|Blue|Red,White|Yellow|Blue|Red,White|Yellow|Blue|Red,White|Yellow|Blue|Red,White|Yellow|Blue|Red,White|Yellow|Blue|Red,White|Yellow|Blue|Red,White|Yellow|Blue|Red,White|Yellow|Blue|Red,White|Yellow|Blue|Red,White|Yellow|Blue|Red,White|Yellow|Blue|Red,White|Yellow|Blue|Red,White|Yellow|Blue|Red,White|Yellow|Blue|Red,White|Yellow|Blue|Red,White|Yellow|Blue|Red
Bhumibol Dam Golf Club,18,Thailand ,Sam Ngao ,Tak ,17.239122,98.998785,4,7,15,17,2,1,5,13,11,8,14,18,9,10,3,16,12,6,5,3,3,4,4,5,4,3,5,4,3,3,4,4,5,5,4,4,Blue|White|Red,Blue|White|Red,Blue|White|Red,Blue|White|Red,Blue|White|Red,Blue|White|Red,Blue|White|Red,Blue|White|Red,Blue|White|Red,Blue|White|Red,Blue|White|Red,Blue|White|Red,Blue|White|Red,Blue|White|Red,Blue|White|Red,Blue|White|Red,Blue|White|Red,Blue|White|Red
Blue Canyon Country Club,18,Thailand ,Thalang  ,Phuket ,8.103332,98.328229,16,8,2,18,4,12,6,10,14,11,1,5,15,13,7,17,3,9,4,3,4,4,4,5,3,4,5,4,5,4,4,3,5,4,3,4,Black|Blue|White|Red,Black|Blue|White|Red,Black|Blue|White|Red,Black|Blue|White|Red,Black|Blue|White|Red,Black|Blue|White|Red,Black|Blue|White|Red,Black|Blue|White|Red,Black|Blue|White|Red,Black|Blue|White|Red,Black|Blue|White|Red,Black|Blue|White|Red,Black|Blue|White|Red,Black|Blue|White|Red,Black|Blue|White|Red,Black|Blue|White|Red,Black|Blue|White|Red,Black|Blue|White|Red
"Blue Canyon Country Club, Lakes",18,Thailand ,Thalang  ,Phuket ,8.103332,98.328229,6,14,16,10,2,18,12,8,4,5,17,15,11,3,9,7,13,1,4,3,4,4,4,4,4,3,5,5,4,3,5,4,5,4,3,4,Black|Blue|White|Red,Black|Blue|White|Red,Black|Blue|White|Red,Black|Blue|White|Red,Black|Blue|White|Red,Black|Blue|White|Red,Black|Blue|White|Red,Black|Blue|White|Red,Black|Blue|White|Red,Black|Blue|White|Red,Black|Blue|White|Red,Black|Blue|White|Red,Black|Blue|White|Red,Black|Blue|White|Red,Black|Blue|White|Red,Black|Blue|White|Red,Black|Blue|White|Red,Black|Blue|White|Red
Blue Sapphire Golf & Resort (Course A - B),18,Thailand ,Chongdan ,Kanchanaburi ,14.3660068,99.4963375,4,10,7,16,5,1,8,17,14,9,12,13,18,6,2,11,3,15,4,3,5,4,4,4,4,3,5,4,3,5,4,4,4,3,5,4,White|Yellow|Blue|Red,White|Yellow|Blue|Red,White|Yellow|Blue|Red,White|Yellow|Blue|Red,White|Yellow|Blue|Red,White|Yellow|Blue|Red,White|Yellow|Blue|Red,White|Yellow|Blue|Red,White|Yellow|Blue|Red,White|Yellow|Blue|Red,White|Yellow|Blue|Red,White|Yellow|Blue|Red,White|Yellow|Blue|Red,White|Yellow|Blue|Red,White|Yellow|Blue|Red,White|Yellow|Blue|Red,White|Yellow|Blue|Red,White|Yellow|Blue|Red
Blue Sapphire Golf & Resort  (Course C - D),18,Thailand ,Chongdan ,Kanchanaburi,14.3660068,99.4963375,10,7,16,13,14,18,15,12,5,8,6,2,3,4,1,9,17,11,4,3,5,4,4,4,4,3,5,4,3,5,4,4,4,3,5,4,Black|Gold|Blue|White|Red,Black|Gold|Blue|White|Red,Black|Gold|Blue|White|Red,Black|Gold|Blue|White|Red,Black|Gold|Blue|White|Red,Black|Gold|Blue|White|Red,Black|Gold|Blue|White|Red,Black|Gold|Blue|White|Red,Black|Gold|Blue|White|Red,Black|Gold|Blue|White|Red,Black|Gold|Blue|White|Red,Black|Gold|Blue|White|Red,Black|Gold|Blue|White|Red,Black|Gold|Blue|White|Red,Black|Gold|Blue|White|Red,Black|Gold|Blue|White|Red,Black|Gold|Blue|White|Red,Black|Gold|Blue|White|Red
Bonanza Golf & Country Club,18,Thailand ,Kanongpra Pakchong  ,Nakhon Ratchasima ,14.58805,101.437806,7,8,18,2,4,9,14,15,17,12,16,5,1,6,10,11,3,13,4,5,3,4,4,5,3,4,4,4,3,4,5,4,4,4,3,5,Black|Blue|White|Red,Black|Blue|White|Red,Black|Blue|White|Red,Black|Blue|White|Red,Black|Blue|White|Red,Black|Blue|White|Red,Black|Blue|White|Red,Black|Blue|White|Red,Black|Blue|White|Red,Black|Blue|White|Red,Black|Blue|White|Red,Black|Blue|White|Red,Black|Blue|White|Red,Black|Blue|White|Red,Black|Blue|White|Red,Black|Blue|White|Red,Black|Blue|White|Red,Black|Blue|White|Red
Cascata Golf Club,18,Thailand ,Chumpol ,Nakhon Nayok ,13.9894191,100.9504066,11,17,3,1,7,13,15,9,5,10,14,16,6,18,2,12,8,4,4,3,4,5,4,4,5,3,4,4,5,3,5,4,4,3,4,4,Yellow|Blue|White|Red,Yellow|Blue|White|Red,Yellow|Blue|White|Red,Yellow|Blue|White|Red,Yellow|Blue|White|Red,Yellow|Blue|White|Red,Yellow|Blue|White|Red,Yellow|Blue|White|Red,Yellow|Blue|White|Red,Yellow|Blue|White|Red,Yellow|Blue|White|Red,Yellow|Blue|White|Red,Yellow|Blue|White|Red,Yellow|Blue|White|Red,Yellow|Blue|White|Red,Yellow|Blue|White|Red,Yellow|Blue|White|Red,Yellow|Blue|White|Red
Chiang Mai Lamphun GC,18,Thailand ,Sanphaya ,Chai Nat ,18.754682,98.9677952,17,7,3,5,15,11,9,13,1,10,4,6,16,2,8,12,18,14,5,4,3,5,3,4,4,4,4,4,3,4,5,4,3,4,4,5,White|Yellow|Blue|Red,White|Yellow|Blue|Red,White|Yellow|Blue|Red,White|Yellow|Blue|Red,White|Yellow|Blue|Red,White|Yellow|Blue|Red,White|Yellow|Blue|Red,White|Yellow|Blue|Red,White|Yellow|Blue|Red,White|Yellow|Blue|Red,White|Yellow|Blue|Red,White|Yellow|Blue|Red,White|Yellow|Blue|Red,White|Yellow|Blue|Red,White|Yellow|Blue|Red,White|Yellow|Blue|Red,White|Yellow|Blue|Red,White|Yellow|Blue|Red
Chiang Mai Valley CC,18,Thailand ,Chiang Mai,Chiang Mai,18.9036462,98.9590375,2,10,18,6,12,16,14,4,8,13,3,17,1,5,9,15,7,11,5,4,3,4,5,3,4,4,4,4,5,3,4,4,4,3,4,5,White|Yellow|Blue|Red,White|Yellow|Blue|Red,White|Yellow|Blue|Red,White|Yellow|Blue|Red,White|Yellow|Blue|Red,White|Yellow|Blue|Red,White|Yellow|Blue|Red,White|Yellow|Blue|Red,White|Yellow|Blue|Red,White|Yellow|Blue|Red,White|Yellow|Blue|Red,White|Yellow|Blue|Red,White|Yellow|Blue|Red,White|Yellow|Blue|Red,White|Yellow|Blue|Red,White|Yellow|Blue|Red,White|Yellow|Blue|Red,White|Yellow|Blue|Red
Chiangmai Highlands Golf & Spa Resort,18,Thailand ,Onuar ,Chiang Mai ,18.806442,99.260498,13,11,9,5,1,17,15,3,7,6,18,2,14,12,10,4,16,8,4,3,5,4,4,5,3,4,4,4,4,4,4,3,5,4,3,5,Black|Blue|White|Red,Black|Blue|White|Red,Black|Blue|White|Red,Black|Blue|White|Red,Black|Blue|White|Red,Black|Blue|White|Red,Black|Blue|White|Red,Black|Blue|White|Red,Black|Blue|White|Red,Black|Blue|White|Red,Black|Blue|White|Red,Black|Blue|White|Red,Black|Blue|White|Red,Black|Blue|White|Red,Black|Blue|White|Red,Black|Blue|White|Red,Black|Blue|White|Red,Black|Blue|White|Red
Chonburi Century Country Club,18,Thailand ,Klong Kiew ,Chonburi ,13.1429162,101.2268086,10,12,4,18,16,2,8,14,6,15,17,3,13,11,7,1,5,9,4,4,5,3,4,5,3,4,4,4,4,5,3,4,4,4,3,5,Blue|White|Yellow|Red,Blue|White|Yellow|Red,Blue|White|Yellow|Red,Blue|White|Yellow|Red,Blue|White|Yellow|Red,Blue|White|Yellow|Red,Blue|White|Yellow|Red,Blue|White|Yellow|Red,Blue|White|Yellow|Red,Blue|White|Yellow|Red,Blue|White|Yellow|Red,Blue|White|Yellow|Red,Blue|White|Yellow|Red,Blue|White|Yellow|Red,Blue|White|Yellow|Red,Blue|White|Yellow|Red,Blue|White|Yellow|Red,Blue|White|Yellow|Red
Chuan Chuen Golf Club(Chuan Chuen),18,Thailand ,Bang Ku Wat ,Pathum Thani ,13.9734055,100.5045208,11,17,3,15,9,13,5,7,1,6,16,4,14,18,10,2,12,8,4,4,5,3,4,3,4,5,4,4,4,5,4,3,4,4,3,5,Blue|White|Gold|Red,Blue|White|Gold|Red,Blue|White|Gold|Red,Blue|White|Gold|Red,Blue|White|Gold|Red,Blue|White|Gold|Red,Blue|White|Gold|Red,Blue|White|Gold|Red,Blue|White|Gold|Red,Blue|White|Gold|Red,Blue|White|Gold|Red,Blue|White|Gold|Red,Blue|White|Gold|Red,Blue|White|Gold|Red,Blue|White|Gold|Red,Blue|White|Gold|Red,Blue|White|Gold|Red,Blue|White|Gold|Red
Crystal Bay Golf Club(A - B),18,Thailand ,Bang Phra ,Chonburi ,13.2427866,100.946846,16,2,4,12,8,10,6,18,14,13,11,7,9,3,15,1,17,5,4,4,4,4,3,5,4,3,5,4,4,5,3,4,3,4,5,4,Blue|White|Yellow|Red,Blue|White|Yellow|Red,Blue|White|Yellow|Red,Blue|White|Yellow|Red,Blue|White|Yellow|Red,Blue|White|Yellow|Red,Blue|White|Yellow|Red,Blue|White|Yellow|Red,Blue|White|Yellow|Red,Blue|White|Yellow|Red,Blue|White|Yellow|Red,Blue|White|Yellow|Red,Blue|White|Yellow|Red,Blue|White|Yellow|Red,Blue|White|Yellow|Red,Blue|White|Yellow|Red,Blue|White|Yellow|Red,Blue|White|Yellow|Red
Crystal Bay Golf Club(B - C),18,Thailand ,Bang Phra ,Chonburi ,13.2427866,100.946846,13,11,7,9,3,15,1,17,5,18,6,10,8,4,14,16,2,12,4,4,5,3,4,3,4,5,4,4,4,4,3,4,5,3,4,5,Blue|White|Yellow|Red,Blue|White|Yellow|Red,Blue|White|Yellow|Red,Blue|White|Yellow|Red,Blue|White|Yellow|Red,Blue|White|Yellow|Red,Blue|White|Yellow|Red,Blue|White|Yellow|Red,Blue|White|Yellow|Red,Blue|White|Yellow|Red,Blue|White|Yellow|Red,Blue|White|Yellow|Red,Blue|White|Yellow|Red,Blue|White|Yellow|Red,Blue|White|Yellow|Red,Blue|White|Yellow|Red,Blue|White|Yellow|Red,Blue|White|Yellow|Red
Crystal Bay Golf Club(C - A),18,Thailand ,Bang Phra ,Chonburi ,13.2427866,100.946846,17,5,9,7,3,13,15,1,11,16,2,4,12,8,10,6,18,14,4,4,4,3,4,5,3,4,5,4,4,4,4,3,5,4,3,5,Blue|White|Yellow|Red,Blue|White|Yellow|Red,Blue|White|Yellow|Red,Blue|White|Yellow|Red,Blue|White|Yellow|Red,Blue|White|Yellow|Red,Blue|White|Yellow|Red,Blue|White|Yellow|Red,Blue|White|Yellow|Red,Blue|White|Yellow|Red,Blue|White|Yellow|Red,Blue|White|Yellow|Red,Blue|White|Yellow|Red,Blue|White|Yellow|Red,Blue|White|Yellow|Red,Blue|White|Yellow|Red,Blue|White|Yellow|Red,Blue|White|Yellow|Red
Dancoon Golf Course,18,Thailand ,DaengYai ,Khon Kaen ,16.4876825,102.7256712,12,14,18,17,9,16,8,3,13,5,2,7,11,6,1,4,10,15,4,4,5,4,3,4,3,4,5,4,3,5,4,4,4,4,3,5,White|Yellow|Blue|Red,White|Yellow|Blue|Red,White|Yellow|Blue|Red,White|Yellow|Blue|Red,White|Yellow|Blue|Red,White|Yellow|Blue|Red,White|Yellow|Blue|Red,White|Yellow|Blue|Red,White|Yellow|Blue|Red,White|Yellow|Blue|Red,White|Yellow|Blue|Red,White|Yellow|Blue|Red,White|Yellow|Blue|Red,White|Yellow|Blue|Red,White|Yellow|Blue|Red,White|Yellow|Blue|Red,White|Yellow|Blue|Red,White|Yellow|Blue|Red
Dragon Hills Golf & Country Club,18,Thailand ,Anghin ,Ratchaburi ,13.441696,99.608681,11,1,5,7,15,17,3,9,13,6,14,8,12,18,2,16,10,4,4,4,3,5,4,3,4,5,4,4,5,3,5,3,5,4,3,4,Blue|White|Yellow|Red,Blue|White|Yellow|Red,Blue|White|Yellow|Red,Blue|White|Yellow|Red,Blue|White|Yellow|Red,Blue|White|Yellow|Red,Blue|White|Yellow|Red,Blue|White|Yellow|Red,Blue|White|Yellow|Red,Blue|White|Yellow|Red,Blue|White|Yellow|Red,Blue|White|Yellow|Red,Blue|White|Yellow|Red,Blue|White|Yellow|Red,Blue|White|Yellow|Red,Blue|White|Yellow|Red,Blue|White|Yellow|Red,Blue|White|Yellow|Red
Dynasty Golf & Country Club,18,Thailand ,Banglane ,Nakhon Pathom ,14.053204,100.125103,10,13,11,5,1,18,2,6,16,8,4,17,3,15,9,7,12,14,4,4,4,4,5,3,5,4,3,5,4,3,4,4,3,5,4,4,Blue|White|Red,Blue|White|Red,Blue|White|Red,Blue|White|Red,Blue|White|Red,Blue|White|Red,Blue|White|Red,Blue|White|Red,Blue|White|Red,Blue|White|Red,Blue|White|Red,Blue|White|Red,Blue|White|Red,Blue|White|Red,Blue|White|Red,Blue|White|Red,Blue|White|Red,Blue|White|Red
Eastern Star,18,Thailand ,Rayong ,Rayong ,13.7434446,100.5445532,5,7,17,15,3,11,1,13,9,2,16,12,6,14,18,10,8,4,4,5,4,3,4,5,4,3,4,4,4,3,5,4,3,4,5,4,White|Yellow|Blue|Red,White|Yellow|Blue|Red,White|Yellow|Blue|Red,White|Yellow|Blue|Red,White|Yellow|Blue|Red,White|Yellow|Blue|Red,White|Yellow|Blue|Red,White|Yellow|Blue|Red,White|Yellow|Blue|Red,White|Yellow|Blue|Red,White|Yellow|Blue|Red,White|Yellow|Blue|Red,White|Yellow|Blue|Red,White|Yellow|Blue|Red,White|Yellow|Blue|Red,White|Yellow|Blue|Red,White|Yellow|Blue|Red,White|Yellow|Blue|Red
Eastern Star Golf Resort,18,Thailand ,Banchang  ,Rayong ,12.702715,101.0407262,2,16,12,6,14,18,10,8,4,5,7,17,15,3,11,1,13,9,4,4,3,5,4,3,4,5,4,4,5,4,3,4,5,4,3,4,Blue|White|Yellow|Red,Blue|White|Yellow|Red,Blue|White|Yellow|Red,Blue|White|Yellow|Red,Blue|White|Yellow|Red,Blue|White|Yellow|Red,Blue|White|Yellow|Red,Blue|White|Yellow|Red,Blue|White|Yellow|Red,Blue|White|Yellow|Red,Blue|White|Yellow|Red,Blue|White|Yellow|Red,Blue|White|Yellow|Red,Blue|White|Yellow|Red,Blue|White|Yellow|Red,Blue|White|Yellow|Red,Blue|White|Yellow|Red,Blue|White|Yellow|Red
Ekachai Golf & Country Club,18,Thailand ,Bangnamchued,Samut Sakhon ,13.628446,100.347518,5,1,15,11,7,9,3,17,13,8,12,6,2,14,4,16,18,10,5,4,3,4,4,3,5,3,5,4,5,4,4,3,4,4,3,5,White|Yellow|Blue|Red,White|Yellow|Blue|Red,White|Yellow|Blue|Red,White|Yellow|Blue|Red,White|Yellow|Blue|Red,White|Yellow|Blue|Red,White|Yellow|Blue|Red,White|Yellow|Blue|Red,White|Yellow|Blue|Red,White|Yellow|Blue|Red,White|Yellow|Blue|Red,White|Yellow|Blue|Red,White|Yellow|Blue|Red,White|Yellow|Blue|Red,White|Yellow|Blue|Red,White|Yellow|Blue|Red,White|Yellow|Blue|Red,White|Yellow|Blue|Red
Evergreen Hills Golf Club & Resort,18,Thailand ,Rangsali,Kanchanaburi ,13.821245,99.472933,14,17,10,15,16,3,12,13,7,18,2,9,11,8,1,5,4,6,5,4,4,4,3,4,5,3,4,4,3,4,4,4,4,3,4,5,Blue|White|Yellow|Red,Blue|White|Yellow|Red,Blue|White|Yellow|Red,Blue|White|Yellow|Red,Blue|White|Yellow|Red,Blue|White|Yellow|Red,Blue|White|Yellow|Red,Blue|White|Yellow|Red,Blue|White|Yellow|Red,Blue|White|Yellow|Red,Blue|White|Yellow|Red,Blue|White|Yellow|Red,Blue|White|Yellow|Red,Blue|White|Yellow|Red,Blue|White|Yellow|Red,Blue|White|Yellow|Red,Blue|White|Yellow|Red,Blue|White|Yellow|Red
Forest Hills Country Club (Sir James Country Club),18,Thailand ,Mitraphab ,Saraburi,14.5886996,101.1941421,4,7,12,13,5,15,1,9,17,3,16,14,2,10,18,8,6,11,4,4,5,3,4,3,4,5,4,5,3,4,4,5,3,4,4,4,Blue|White|Green|Red,Blue|White|Green|Red,Blue|White|Green|Red,Blue|White|Green|Red,Blue|White|Green|Red,Blue|White|Green|Red,Blue|White|Green|Red,Blue|White|Green|Red,Blue|White|Green|Red,Blue|White|Green|Red,Blue|White|Green|Red,Blue|White|Green|Red,Blue|White|Green|Red,Blue|White|Green|Red,Blue|White|Green|Red,Blue|White|Green|Red,Blue|White|Green|Red,Blue|White|Green|Red
Gassan Khuntan Golf & Resort,18,Thailand ,Thapladuk ,Lamphun ,18.5192006,99.2283025,12,18,16,7,5,15,10,3,11,14,4,13,2,1,8,17,6,9,4,3,5,5,3,4,4,4,4,4,3,4,5,4,5,4,4,3,Blue|White|Yellow|Red,Blue|White|Yellow|Red,Blue|White|Yellow|Red,Blue|White|Yellow|Red,Blue|White|Yellow|Red,Blue|White|Yellow|Red,Blue|White|Yellow|Red,Blue|White|Yellow|Red,Blue|White|Yellow|Red,Blue|White|Yellow|Red,Blue|White|Yellow|Red,Blue|White|Yellow|Red,Blue|White|Yellow|Red,Blue|White|Yellow|Red,Blue|White|Yellow|Red,Blue|White|Yellow|Red,Blue|White|Yellow|Red,Blue|White|Yellow|Red
Gold Canyon Golf Course,18,Thailand ,Pa Sang  ,Lamphun,33.362404,111.445221,5,7,2,9,15,3,17,13,11,4,14,16,6,1,12,8,18,10,4,3,4,5,4,4,3,4,5,4,4,3,5,4,4,4,3,5,Black|Blue|White|Red,Black|Blue|White|Red,Black|Blue|White|Red,Black|Blue|White|Red,Black|Blue|White|Red,Black|Blue|White|Red,Black|Blue|White|Red,Black|Blue|White|Red,Black|Blue|White|Red,Black|Blue|White|Red,Black|Blue|White|Red,Black|Blue|White|Red,Black|Blue|White|Red,Black|Blue|White|Red,Black|Blue|White|Red,Black|Blue|White|Red,Black|Blue|White|Red,Black|Blue|White|Red
Grand Prix Golf Club,18,Thailand ,BO PHLOI,KANCHANABU,14.3641147,99.4905031,8,13,11,15,16,6,2,18,7,12,9,3,14,10,4,5,17,1,4,4,3,4,5,4,3,4,5,4,5,3,4,3,4,4,4,5,Black|Blue|White|Yellow|Red,Black|Blue|White|Yellow|Red,Black|Blue|White|Yellow|Red,Black|Blue|White|Yellow|Red,Black|Blue|White|Yellow|Red,Black|Blue|White|Yellow|Red,Black|Blue|White|Yellow|Red,Black|Blue|White|Yellow|Red,Black|Blue|White|Yellow|Red,Black|Blue|White|Yellow|Red,Black|Blue|White|Yellow|Red,Black|Blue|White|Yellow|Red,Black|Blue|White|Yellow|Red,Black|Blue|White|Yellow|Red,Black|Blue|White|Yellow|Red,Black|Blue|White|Yellow|Red,Black|Blue|White|Yellow|Red,Black|Blue|White|Yellow|Red
Green Valley Country Club,18,Thailand ,Bangplee ,Samut Prakan,13.608478,100.731197,15,1,3,17,7,9,13,5,11,4,10,16,8,12,14,2,18,6,4,5,4,3,5,3,4,4,4,4,5,3,4,4,4,4,3,5,Blue|Yellow|White|Red,Blue|Yellow|White|Red,Blue|Yellow|White|Red,Blue|Yellow|White|Red,Blue|Yellow|White|Red,Blue|Yellow|White|Red,Blue|Yellow|White|Red,Blue|Yellow|White|Red,Blue|Yellow|White|Red,Blue|Yellow|White|Red,Blue|Yellow|White|Red,Blue|Yellow|White|Red,Blue|Yellow|White|Red,Blue|Yellow|White|Red,Blue|Yellow|White|Red,Blue|Yellow|White|Red,Blue|Yellow|White|Red,Blue|Yellow|White|Red
Green World Hot Spring Hotel Resort & Golf Club,18,Thailand ,Thongphaphum ,Kanchanaburi,14.6296407,98.7135756,13,1,11,15,17,3,9,7,5,16,8,10,12,2,18,4,14,6,3,5,4,4,3,4,4,4,5,3,4,4,4,5,3,4,4,5,Blue|White|Red,Blue|White|Red,Blue|White|Red,Blue|White|Red,Blue|White|Red,Blue|White|Red,Blue|White|Red,Blue|White|Red,Blue|White|Red,Blue|White|Red,Blue|White|Red,Blue|White|Red,Blue|White|Red,Blue|White|Red,Blue|White|Red,Blue|White|Red,Blue|White|Red,Blue|White|Red
Greenwood Golf Club(A-B),18,Thailand ,Klong Kiew ,Chonburi,13.160944,101.2271,3,9,7,5,15,17,11,13,1,16,10,6,4,18,14,2,8,12,4,3,4,5,4,3,5,4,4,4,3,4,5,3,4,4,5,4,White|Yellow|Blue|Red,White|Yellow|Blue|Red,White|Yellow|Blue|Red,White|Yellow|Blue|Red,White|Yellow|Blue|Red,White|Yellow|Blue|Red,White|Yellow|Blue|Red,White|Yellow|Blue|Red,White|Yellow|Blue|Red,White|Yellow|Blue|Red,White|Yellow|Blue|Red,White|Yellow|Blue|Red,White|Yellow|Blue|Red,White|Yellow|Blue|Red,White|Yellow|Blue|Red,White|Yellow|Blue|Red,White|Yellow|Blue|Red,White|Yellow|Blue|Red
Greenwood Golf Club(A-C),18,Thailand ,Klong Kiew ,Chonburi,13.160944,101.2271,4,10,8,6,16,18,12,14,2,3,15,11,7,13,17,9,5,1,4,3,4,5,4,3,5,4,4,4,4,3,5,4,3,5,4,4,White|Yellow|Blue|Red,White|Yellow|Blue|Red,White|Yellow|Blue|Red,White|Yellow|Blue|Red,White|Yellow|Blue|Red,White|Yellow|Blue|Red,White|Yellow|Blue|Red,White|Yellow|Blue|Red,White|Yellow|Blue|Red,White|Yellow|Blue|Red,White|Yellow|Blue|Red,White|Yellow|Blue|Red,White|Yellow|Blue|Red,White|Yellow|Blue|Red,White|Yellow|Blue|Red,White|Yellow|Blue|Red,White|Yellow|Blue|Red,White|Yellow|Blue|Red
Greenwood Golf Club(B-C),18,Thailand ,Klong Kiew ,Chonburi,13.160944,101.2271,16,10,6,4,18,14,2,8,12,3,15,11,7,13,17,9,5,1,4,3,4,5,3,4,4,5,4,4,4,3,5,4,3,5,4,4,White|Yellow|Blue|Red,White|Yellow|Blue|Red,White|Yellow|Blue|Red,White|Yellow|Blue|Red,White|Yellow|Blue|Red,White|Yellow|Blue|Red,White|Yellow|Blue|Red,White|Yellow|Blue|Red,White|Yellow|Blue|Red,White|Yellow|Blue|Red,White|Yellow|Blue|Red,White|Yellow|Blue|Red,White|Yellow|Blue|Red,White|Yellow|Blue|Red,White|Yellow|Blue|Red,White|Yellow|Blue|Red,White|Yellow|Blue|Red,White|Yellow|Blue|Red
Hat Yai Resort & Golf Club,18,Thailand ,Hat Yai ,Songkhla,6.938216,100.318701,13,9,3,17,11,15,7,1,5,16,10,14,2,4,12,18,6,8,4,3,4,4,4,5,3,4,5,4,5,3,4,4,4,4,3,5,Blue|White|Yellow|Red,Blue|White|Yellow|Red,Blue|White|Yellow|Red,Blue|White|Yellow|Red,Blue|White|Yellow|Red,Blue|White|Yellow|Red,Blue|White|Yellow|Red,Blue|White|Yellow|Red,Blue|White|Yellow|Red,Blue|White|Yellow|Red,Blue|White|Yellow|Red,Blue|White|Yellow|Red,Blue|White|Yellow|Red,Blue|White|Yellow|Red,Blue|White|Yellow|Red,Blue|White|Yellow|Red,Blue|White|Yellow|Red,Blue|White|Yellow|Red
Iyara Golf Course,18,Thailand ,Uthai Thani,Uthai Thani ,15.409127,100.077081,8,18,2,16,6,4,10,14,12,17,15,9,5,11,7,1,3,13,4,3,5,4,5,4,3,4,4,4,5,4,4,3,4,5,4,3,Blue|White|Red,Blue|White|Red,Blue|White|Red,Blue|White|Red,Blue|White|Red,Blue|White|Red,Blue|White|Red,Blue|White|Red,Blue|White|Red,Blue|White|Red,Blue|White|Red,Blue|White|Red,Blue|White|Red,Blue|White|Red,Blue|White|Red,Blue|White|Red,Blue|White|Red,Blue|White|Red
Jompol Por Golf Course,18,Thailand ,Lopburi,Lopburi ,14.997351,100.863071,9,6,3,13,15,8,17,11,2,18,10,14,16,5,7,12,1,4,4,3,5,3,5,4,3,4,4,3,4,4,5,3,4,4,4,5,Blue|Red,Blue|Red,Blue|Red,Blue|Red,Blue|Red,Blue|Red,Blue|Red,Blue|Red,Blue|Red,Blue|Red,Blue|Red,Blue|Red,Blue|Red,Blue|Red,Blue|Red,Blue|Red,Blue|Red,Blue|Red
Kabin Buri Sportclub,18,Thailand ,Tawang Klang,Prachin Buri ,14.031368,101.664637,6,2,8,14,16,12,4,18,10,9,11,7,5,13,3,17,15,1,4,5,4,4,3,5,4,3,4,4,3,5,4,4,4,3,5,4,Red|Black|Blue|White|Yellow,Red|Black|Blue|White|Yellow,Red|Black|Blue|White|Yellow,Red|Black|Blue|White|Yellow,Red|Black|Blue|White|Yellow,Red|Black|Blue|White|Yellow,Red|Black|Blue|White|Yellow,Red|Black|Blue|White|Yellow,Red|Black|Blue|White|Yellow,Red|Black|Blue|White|Yellow,Red|Black|Blue|White|Yellow,Red|Black|Blue|White|Yellow,Red|Black|Blue|White|Yellow,Red|Black|Blue|White|Yellow,Red|Black|Blue|White|Yellow,Red|Black|Blue|White|Yellow,Red|Black|Blue|White|Yellow,Red|Black|Blue|White|Yellow
Kaeng Krachan Country Club,18,Thailand ,Thayang,Phetchaburi ,12.9087497,99.6814762,13,11,1,17,5,7,15,9,3,2,10,18,12,14,6,16,4,8,4,4,5,3,5,4,3,4,4,5,4,3,4,4,5,3,4,4,Blue|White|Red,Blue|White|Red,Blue|White|Red,Blue|White|Red,Blue|White|Red,Blue|White|Red,Blue|White|Red,Blue|White|Red,Blue|White|Red,Blue|White|Red,Blue|White|Red,Blue|White|Red,Blue|White|Red,Blue|White|Red,Blue|White|Red,Blue|White|Red,Blue|White|Red,Blue|White|Red
Kantarat Golf Course,18,Thailand ,Si Kan,Bangkok ,13.9084971,100.6049004,6,8,18,10,12,2,14,16,4,7,15,1,5,11,9,3,17,13,4,3,4,5,4,5,3,4,4,5,3,4,3,5,4,4,3,5,White|Red,White|Red,White|Red,White|Red,White|Red,White|Red,White|Red,White|Red,White|Red,White|Red,White|Red,White|Red,White|Red,White|Red,White|Red,White|Red,White|Red,White|Red
Khao Kheow Country Club (A-B),18,Thailand ,Bang Phra,Chonburi,13.205455,101.039586,17,7,13,1,15,9,11,3,5,12,6,14,10,18,8,4,16,2,4,5,3,4,3,4,4,5,4,4,5,3,4,4,5,4,3,4,Blue|Yellow|White|Red,Blue|Yellow|White|Red,Blue|Yellow|White|Red,Blue|Yellow|White|Red,Blue|Yellow|White|Red,Blue|Yellow|White|Red,Blue|Yellow|White|Red,Blue|Yellow|White|Red,Blue|Yellow|White|Red,Blue|Yellow|White|Red,Blue|Yellow|White|Red,Blue|Yellow|White|Red,Blue|Yellow|White|Red,Blue|Yellow|White|Red,Blue|Yellow|White|Red,Blue|Yellow|White|Red,Blue|Yellow|White|Red,Blue|Yellow|White|Red
Khao Kheow Country Club (A-C),18,Thailand ,Bang Phra,Chonburi,13.205455,101.039586,17,7,13,1,15,9,11,3,5,4,6,16,18,12,8,2,14,10,4,5,3,4,3,4,4,5,4,5,4,3,4,4,4,5,3,4,Blue|Yellow|White|Red,Blue|Yellow|White|Red,Blue|Yellow|White|Red,Blue|Yellow|White|Red,Blue|Yellow|White|Red,Blue|Yellow|White|Red,Blue|Yellow|White|Red,Blue|Yellow|White|Red,Blue|Yellow|White|Red,Blue|Yellow|White|Red,Blue|Yellow|White|Red,Blue|Yellow|White|Red,Blue|Yellow|White|Red,Blue|Yellow|White|Red,Blue|Yellow|White|Red,Blue|Yellow|White|Red,Blue|Yellow|White|Red,Blue|Yellow|White|Red
Khao Kheow Country Club (B-C),18,Thailand ,Bang Phra,Chonburi,13.205455,101.039586,11,5,13,9,17,7,3,15,1,4,6,16,18,12,8,2,14,10,4,5,3,4,4,5,4,3,4,5,4,3,4,4,4,5,3,4,Blue|Yellow|White|Red,Blue|Yellow|White|Red,Blue|Yellow|White|Red,Blue|Yellow|White|Red,Blue|Yellow|White|Red,Blue|Yellow|White|Red,Blue|Yellow|White|Red,Blue|Yellow|White|Red,Blue|Yellow|White|Red,Blue|Yellow|White|Red,Blue|Yellow|White|Red,Blue|Yellow|White|Red,Blue|Yellow|White|Red,Blue|Yellow|White|Red,Blue|Yellow|White|Red,Blue|Yellow|White|Red,Blue|Yellow|White|Red,Blue|Yellow|White|Red
